;Entry;Protein;Source;Mutation;ddG;Measure;Mesthod;REFERENCE;log(p);d_log(p);dssp;WT_AA;Position;Mut_AA
0;284;Trypsin inhibitor;Bovine;['WILD'];0;HPLC;GSSG, GSH;BIOCHEMISTRY 32, 2835-2844 (1993) PMID: 7681322;148.2738895279878;0.0;None;Non;Non;WILD
146;14056;Trypsin inhibitor;Bovine;['R', '1', 'A'];-0.50;DSC;Thermal;J MOL BIOL 249, 388-397 (1995) PMID: 7540212;148.4087674278689;-0.1348778998811042;-;R;1,;A
147;14058;Trypsin inhibitor;Bovine;['D', '3', 'A'];00.20;DSC;Thermal;J MOL BIOL 249, 388-397 (1995) PMID: 7540212;149.4674960886629;-1.1936065606751072;G;D;3,;A
148;14060;Trypsin inhibitor;Bovine;['L', '6', 'A'];-0,6;DSC;Thermal;J MOL BIOL 249, 388-397 (1995) PMID: 7540212;147.94684725939717;0.3270422685906169;G;L;6,;A
149;14062;Trypsin inhibitor;Bovine;['P', '8', 'A'];-0.30;DSC;Thermal;J MOL BIOL 249, 388-397 (1995) PMID: 7540212;149.73824969098231;-1.4643601629945238;-;P;8,;A
150;14067;Trypsin inhibitor;Bovine;['P', '13', 'A'];-1.20;DSC;Thermal;J MOL BIOL 249, 388-397 (1995) PMID: 7540212;148.01600983927554;0.25787968871225075;S;P;13,;A
151;14068;Trypsin inhibitor;Bovine;['K', '15', 'A'];-0.40;DSC;Thermal;J MOL BIOL 249, 388-397 (1995) PMID: 7540212;149.25644287120636;-0.9825533432185694;-;K;15,;A
152;14069;Trypsin inhibitor;Bovine;['R', '17', 'A'];-0.30;DSC;Thermal;J MOL BIOL 249, 388-397 (1995) PMID: 7540212;148.67821399556064;-0.4043244675728488;-;R;17,;A
153;14071;Trypsin inhibitor;Bovine;['I', '19', 'A'];-2.10;DSC;Thermal;J MOL BIOL 249, 388-397 (1995) PMID: 7540212;148.8973843066726;-0.6234947786848011;E;I;19,;A
154;14075;Trypsin inhibitor;Bovine;['K', '26', 'A'];00.00;DSC;Thermal;J MOL BIOL 249, 388-397 (1995) PMID: 7540212;148.5854407710456;-0.31155124305780646;T;K;26,;A
155;14076;Trypsin inhibitor;Bovine;['G', '28', 'A'];-1.00;DSC;Thermal;J MOL BIOL 249, 388-397 (1995) PMID: 7540212;153.8545846198779;-5.580695091890107;T;G;28,;A
156;14077;Trypsin inhibitor;Bovine;['L', '29', 'A'];00.00;DSC;Thermal;J MOL BIOL 249, 388-397 (1995) PMID: 7540212;147.79221081593545;0.4816787120523429;E;L;29,;A
157;14079;Trypsin inhibitor;Bovine;['T', '32', 'A'];-0.10;DSC;Thermal;J MOL BIOL 249, 388-397 (1995) PMID: 7540212;149.58441256709554;-1.3105230391077498;E;T;32,;A
158;14084;Trypsin inhibitor;Bovine;['R', '39', 'A'];00.00;DSC;Thermal;J MOL BIOL 249, 388-397 (1995) PMID: 7540212;148.27317601317705;0.0007135148107408895;S;R;39,;A
159;14086;Trypsin inhibitor;Bovine;['R', '42', 'A'];-0.50;DSC;Thermal;J MOL BIOL 249, 388-397 (1995) PMID: 7540212;148.6771513832227;-0.4032618552349163;S;R;42,;A
160;14088;Trypsin inhibitor;Bovine;['K', '46', 'A'];00.10;DSC;Thermal;J MOL BIOL 249, 388-397 (1995) PMID: 7540212;148.0853752230353;0.18851430495249133;S;K;46,;A
161;14090;Trypsin inhibitor;Bovine;['E', '49', 'A'];-0.20;DSC;Thermal;J MOL BIOL 249, 388-397 (1995) PMID: 7540212;150.25993796093204;-1.9860484329442443;H;E;49,;A
162;14092;Trypsin inhibitor;Bovine;['M', '52', 'A'];-1.70;DSC;Thermal;J MOL BIOL 249, 388-397 (1995) PMID: 7540212;148.04378414328113;0.2301053847066612;H;M;52,;A
163;14093;Trypsin inhibitor;Bovine;['R', '53', 'A'];-0.10;DSC;Thermal;J MOL BIOL 249, 388-397 (1995) PMID: 7540212;147.89655852533477;0.37733100265302255;H;R;53,;A
164;14096;Trypsin inhibitor;Bovine;['G', '57', 'A'];-0.20;DSC;Thermal;J MOL BIOL 249, 388-397 (1995) PMID: 7540212;152.1038699568985;-3.8299804289107158;-;G;57,;A
