;Entry;Protein;Source;Mutation;ddG;Measure;Mesthod;REFERENCE;log(p);d_log(p);dssp;WT_AA;Position;Mut_AA
0;8202;Cold shock protein;Bacillus caldolyticu;['WILD'];0;CD;Thermal;NAT STRUCT BIOL 7, 380-383 (2000) PMID: 10802733;152.7816385429218;0.0;None;Non;Non;WILD
44;12139;Cold shock protein;Bacillus caldolyticu;['R', '3', 'E'];-2.75;CD;Thermal;J MOL BIOL 313 343-357 (2001) PMID: 11800561;152.37928709378224;0.4023514491395588;T;R;3,;E
45;12140;Cold shock protein;Bacillus caldolyticu;['R', '3', 'E,', 'E', '21', 'A'];-2.70;CD;Thermal;J MOL BIOL 313 343-357 (2001) PMID: 11800561;152.55046031158417;0.23117823133762272;T;RE;3,21,;EA
46;12141;Cold shock protein;Bacillus caldolyticu;['R', '3', 'E,', 'E', '46', 'A'];-1.96;CD;Thermal;J MOL BIOL 313 343-357 (2001) PMID: 11800561;154.45433682985328;-1.6726982869314782;T;RE;3,46,;EA
47;12142;Cold shock protein;Bacillus caldolyticu;['R', '3', 'E,', 'L', '66', 'E'];-4.95;CD;Thermal;J MOL BIOL 313 343-357 (2001) PMID: 11800561;152.03234805410273;0.7492904888190708;S;RL;3,66,;EE
48;12143;Cold shock protein;Bacillus caldolyticu;['R', '3', 'E,', 'E', '46', 'A,', 'L', '66', 'E'];-4.09;CD;Thermal;J MOL BIOL 313 343-357 (2001) PMID: 11800561;154.45433682985328;-1.6726982869314782;T;REE;3,46,46,;EAA
49;12144;Cold shock protein;Bacillus caldolyticu;['R', '3', 'L'];-0.93;CD;Thermal;J MOL BIOL 313 343-357 (2001) PMID: 11800561;153.68976926116736;-0.9081307182455589;E;R;3,;L
50;12145;Cold shock protein;Bacillus caldolyticu;['R', '3', 'K'];-0.19;CD;Thermal;J MOL BIOL 313 343-357 (2001) PMID: 11800561;152.46603650555045;0.31560203737134884;E;R;3,;K
51;12146;Cold shock protein;Bacillus caldolyticu;['R', '3', 'A'];-1.89;CD;Thermal;J MOL BIOL 313 343-357 (2001) PMID: 11800561;153.86132130601413;-1.079682763092336;E;R;3,;A
52;12147;Cold shock protein;Bacillus caldolyticu;['N', '11', 'S'];00.33;CD;Thermal;J MOL BIOL 313 343-357 (2001) PMID: 11800561;150.4093597395594;2.3722788033624056;E;N;11,;S
53;12149;Cold shock protein;Bacillus caldolyticu;['E', '21', 'A'];-0.29;CD;Thermal;J MOL BIOL 313 343-357 (2001) PMID: 11800561;153.27188711400848;-0.4902485710866813;E;E;21,;A
54;12150;Cold shock protein;Bacillus caldolyticu;['G', '23', 'Q'];-0.29;CD;Thermal;J MOL BIOL 313 343-357 (2001) PMID: 11800561;151.34296721734725;1.4386713255745462;E;G;23,;Q
55;12151;Cold shock protein;Bacillus caldolyticu;['G', '23', 'Q,', 'S', '24', 'D'];-0.12;CD;Thermal;J MOL BIOL 313 343-357 (2001) PMID: 11800561;151.76642272798344;1.015215814938358;E;GS;23,24,;QD
56;12152;Cold shock protein;Bacillus caldolyticu;['S', '24', 'D'];00.22;CD;Thermal;J MOL BIOL 313 343-357 (2001) PMID: 11800561;153.05157622804288;-0.26993768512107863;E;S;24,;D
57;12155;Cold shock protein;Bacillus caldolyticu;['E', '46', 'A,', 'L', '66', 'E'];-1.39;CD;Thermal;J MOL BIOL 313 343-357 (2001) PMID: 11800561;153.5424922296708;-0.7608536867490159;T;EL;46,66,;AE
58;12156;Cold shock protein;Bacillus caldolyticu;['E', '46', 'A,', 'L', '66', 'LA'];-0.29;CD;Thermal;J MOL BIOL 313 343-357 (2001) PMID: 11800561;154.15511497951883;-1.3734764365970307;T;EL;46,66,;ALA
59;12157;Cold shock protein;Bacillus caldolyticu;['Q', '53', 'E'];-0.10;CD;Thermal;J MOL BIOL 313 343-357 (2001) PMID: 11800561;152.70153844402196;0.08010009889983394;E;Q;53,;E
60;12159;Cold shock protein;Bacillus caldolyticu;['V', '64', 'T,', 'L', '66', 'E,', 'L', '66', 'LA'];-1.56;CD;Thermal;J MOL BIOL 313 343-357 (2001) PMID: 11800561;151.81025029194822;0.9713882509735754;E;VLL;64,66,66,;TEE
61;12160;Cold shock protein;Bacillus caldolyticu;['L', '66', 'E'];-1.24;CD;Thermal;J MOL BIOL 313 343-357 (2001) PMID: 11800561;152.04689604425747;0.7347424986643318;E;L;66,;E
80;12193;Cold shock protein;Bacillus caldolyticu;['L', '66', 'LA'];-0.07;CD;Thermal;J MOL BIOL 313 343-357 (2001) PMID: 11800561;152.78301308497842;-0.0013745420566237954;E;L;66,;LA
130;22244;Cold shock protein;Bacillus caldolyticu;['R', '56', 'E'];0,053472222;CD;Thermal;PROTEIN ENG DES SEL 19, 355-358 (2006) PMID: 16720692;152.36251818028788;0.41912036263391883;E;R;56,;E
131;22247;Cold shock protein;Bacillus caldolyticu;['E', '21', 'K'];-0.26;CD;Thermal;PROTEIN ENG DES SEL 19, 355-358 (2006) PMID: 16720692;152.7057816301;0.07585691282179141;E;E;21,;K
132;22249;Cold shock protein;Bacillus caldolyticu;['N', '55', 'K'];00.10;CD;Thermal;PROTEIN ENG DES SEL 19, 355-358 (2006) PMID: 16720692;152.63535917991405;0.1462793630077499;E;N;55,;K
133;22250;Cold shock protein;Bacillus caldolyticu;['E', '36', 'K'];-0.19;CD;Thermal;PROTEIN ENG DES SEL 19, 355-358 (2006) PMID: 16720692;152.94436740088835;-0.162728857966556;-;E;36,;K
134;22252;Cold shock protein;Bacillus caldolyticu;['E', '12', 'K'];-0.43;CD;Thermal;PROTEIN ENG DES SEL 19, 355-358 (2006) PMID: 16720692;153.29669575804607;-0.5150572151242727;-;E;12,;K
