;Entry;Protein;Source;Mutation;ddG;Measure;Mesthod;REFERENCE;log(p);d_log(p);dssp;WT_AA;Position;Mut_AA
0;3521;Cold shock protein;Bacillus subtilis;['WILD'];0;CD;Urea;PROTEINS 30, 401-406 (1998) PMID: 9533623;152.29383955399982;0.0;None;Non;Non;WILD
3;14244;Cold shock protein;Bacillus subtilis;['F', '38', 'A'];00.31;CD;Thermal;PROTEINS 30, 401-406 (1998) PMID: 9533624;148.7210963427678;3.572743211232023;T;F;38,;A
6;18554;Cold shock protein B;Bacillus subtilis;['M', '1', 'R'];0,09375;CD;Thermal;J MOL BIOL 347, 1063-1076 (2005) PMID: 15784264;150.30364888610927;1.9901906678905448;T;M;1,;R
7;18571;Cold shock protein B;Bacillus subtilis;['E', '43', 'S'];00.29;CD;Thermal;J MOL BIOL 347, 1063-1076 (2005) PMID: 15784264;154.2403697896179;-1.94653023561807;T;E;43,;S
109;21052;Cold shock protein B;Bacillus subtilis;['E', '12', 'K'];-0.72;CD;Thermal;J MOL BIOL 366, 842-856 (2007) PMID: 17188709;152.8949285075826;-0.6010889535827744;T;E;12,;K
110;21053;Cold shock protein B;Bacillus subtilis;['K', '13', 'E'];-0.31;CD;Thermal;J MOL BIOL 366, 842-856 (2007) PMID: 17188709;152.035974339188;0.25786521481182945;T;K;13,;E
111;21054;Cold shock protein B;Bacillus subtilis;['K', '13', 'Q'];-0.17;CD;Thermal;J MOL BIOL 366, 842-856 (2007) PMID: 17188709;152.47860650097354;-0.1847669469737241;-;K;13,;Q
112;21067;Cold shock protein B;Bacillus subtilis;['E', '21', 'K'];-0.07;CD;Thermal;J MOL BIOL 366, 842-856 (2007) PMID: 17188709;152.2397824395165;0.05405711448332795;-;E;21,;K
113;21068;Cold shock protein B;Bacillus subtilis;['E', '21', 'Q'];-0.24;CD;Thermal;J MOL BIOL 366, 842-856 (2007) PMID: 17188709;153.06942123790782;-0.7755816839080012;-;E;21,;Q
114;21070;Cold shock protein B;Bacillus subtilis;['D', '24', 'K'];-0.60;CD;Thermal;J MOL BIOL 366, 842-856 (2007) PMID: 17188709;152.29153728794356;0.0023022660562617148;-;D;24,;K
115;21071;Cold shock protein B;Bacillus subtilis;['D', '24', 'N'];-0.79;CD;Thermal;J MOL BIOL 366, 842-856 (2007) PMID: 17188709;151.84519098774084;0.4486485662589814;T;D;24,;N
116;21078;Cold shock protein B;Bacillus subtilis;['E', '42', 'K'];00.00;CD;Thermal;J MOL BIOL 366, 842-856 (2007) PMID: 17188709;152.10236493687287;0.1914746171269428;T;E;42,;K
117;21079;Cold shock protein B;Bacillus subtilis;['E', '42', 'Q'];-0.12;CD;Thermal;J MOL BIOL 366, 842-856 (2007) PMID: 17188709;153.3080675995339;-1.0142280455340824;E;E;42,;Q
118;21080;Cold shock protein B;Bacillus subtilis;['E', '43', 'K'];00.22;CD;Thermal;J MOL BIOL 366, 842-856 (2007) PMID: 17188709;151.93843850547304;0.35540104852677246;E;E;43,;K
119;21081;Cold shock protein B;Bacillus subtilis;['E', '43', 'Q'];00.02;CD;Thermal;J MOL BIOL 366, 842-856 (2007) PMID: 17188709;152.82357857948696;-0.5297390254871459;T;E;43,;Q
120;21088;Cold shock protein B;Bacillus subtilis;['E', '53', 'K'];-0.29;CD;Thermal;J MOL BIOL 366, 842-856 (2007) PMID: 17188709;152.42418037495912;-0.13034082095930444;T;E;53,;K
121;21089;Cold shock protein B;Bacillus subtilis;['E', '53', 'Q'];00.17;CD;Thermal;J MOL BIOL 366, 842-856 (2007) PMID: 17188709;153.08173986838165;-0.7879003143818295;T;E;53,;Q
122;21090;Cold shock protein B;Bacillus subtilis;['N', '55', 'K'];-0.22;CD;Thermal;J MOL BIOL 366, 842-856 (2007) PMID: 17188709;151.76690194392106;0.526937610078761;S;N;55,;K
123;21091;Cold shock protein B;Bacillus subtilis;['N', '55', 'D'];00.48;CD;Thermal;J MOL BIOL 366, 842-856 (2007) PMID: 17188709;151.5151127563834;0.7787267976164287;-;N;55,;D
124;21092;Cold shock protein B;Bacillus subtilis;['R', '56', 'Q'];00.31;CD;Thermal;J MOL BIOL 366, 842-856 (2007) PMID: 17188709;152.85339661031992;-0.5595570563201022;T;R;56,;Q
