;Entry;Protein;Source;Mutation;ddG;Measure;Mesthod;REFERENCE;log(p);d_log(p);dssp;WT_AA;Position;Mut_AA
0;2512;Calbindin D9k;Bovine;['WILD'];00.00;CD;Urea;PROTEINS 8, 23-29 (1990) PMID: 2217160;159.4612736783838;0.0;None;Non;Non;WILD
1;2513;Calbindin D9k;Bovine;['E', '17', 'Q'];00.38;CD;Urea;PROTEINS 8, 23-29 (1990) PMID: 2217161;160.066260825624;-0.6049871472401946;S;E;17,;Q
2;2515;Calbindin D9k;Bovine;['E', '26', 'Q'];00.09;CD;Urea;PROTEINS 8, 23-29 (1990) PMID: 2217161;160.77517431220747;-1.313900633823664;H;E;26,;Q
3;2516;Calbindin D9k;Bovine;['E', '17', 'Q,', 'D', '19', 'N'];01.19;CD;Urea;PROTEINS 8, 23-29 (1990) PMID: 2217161;161.01636010006928;-1.5550864216854734;S;ED;17,19,;QN
4;2517;Calbindin D9k;Bovine;['E', '17', 'Q,', 'E', '26', 'Q'];00.26;CD;Urea;PROTEINS 8, 23-29 (1990) PMID: 2217161;161.30869902582242;-1.847425347438616;S;EE;17,26,;QQ
5;2518;Calbindin D9k;Bovine;['D', '19', 'N,', 'E', '26', 'Q'];00.52;CD;Urea;PROTEINS 8, 23-29 (1990) PMID: 2217161;161.72509400780427;-2.2638203294204686;-;DE;19,26,;NQ
6;2519;Calbindin D9k;Bovine;['E', '17', 'Q,', 'D', '19', 'N,', 'E', '26', 'Q'];0,064583333;CD;Urea;PROTEINS 8, 23-29 (1990) PMID:�;161.01636010006928;-1.5550864216854734;S;EDD;17,19,19,;QNN
