;Entry;Protein;Source;Mutation;ddG;Measure;Mesthod;REFERENCE;log(p);d_log(p);dssp;WT_AA;Position;Mut_AA
0;3003;Protein G;Streptococcus;['WILD'];0;CD;Thermal;BIOCHEMISTRY 33, 5510-5517 (1994) PMID: 8180172;126.70242373670415;0.0;None;Non;Non;WILD
5;8098;Protein G;Streptococcus;['D', '47', 'A'];00.36;CD;Thermal;BIOCHEMISTRY 39, 6564-6571 (2000) PMID: 10828973;126.99656280882577;-0.2941390721216237;E;D;47,;A
6;8100;Protein G;Streptococcus;['K', '50', 'A'];-0.45;CD;Thermal;BIOCHEMISTRY 39, 6564-6571 (2000) PMID: 10828973;126.57129964811104;0.1311240885931113;E;K;50,;A
7;8101;Protein G;Streptococcus;['T', '49', 'A'];-0.86;CD;Thermal;BIOCHEMISTRY 39, 6564-6571 (2000) PMID: 10828973;127.976897382238;-1.2744736455338455;E;T;49,;A
18;12848;Protein G;Streptococcus;['I', '6', 'R,', 'T', '53', 'E,', 'T', '44', 'A'];00.16;CD;Thermal;PROTEIN SCI 11 688-690 (2002) PMID: 11847291;127.81698478201028;-1.1145610453061323;E;ITT;6,53,53,;REE
19;12849;Protein G;Streptococcus;['I', '6', 'R,', 'T', '53', 'A,', 'T', '44', 'R'];-0.74;CD;Thermal;PROTEIN SCI 11 688-690 (2002) PMID: 11847291;128.66743642943985;-1.965012692735698;E;ITT;6,53,53,;RAA
20;12850;Protein G;Streptococcus;['I', '6', 'R,', 'T', '53', 'A,', 'T', '44', 'A'];-0.62;CD;Thermal;PROTEIN SCI 11 688-690 (2002) PMID: 11847291;128.66743642943985;-1.965012692735698;E;ITT;6,53,53,;RAA
21;12851;Protein G;Streptococcus;['T', '53', 'E,', 'T', '44', 'R'];0,054861111;CD;Thermal;PROTEIN SCI 11 688-690 (2002) PMID: 11847291;128.30649721677096;-1.6040734800668162;E;TT;53,44,;ER
22;12852;Protein G;Streptococcus;['T', '53', 'E,', 'T', '44', 'A'];00.34;CD;Thermal;PROTEIN SCI 11 688-690 (2002) PMID: 11847291;128.88143818263805;-2.179014445933902;E;TT;53,44,;EA
23;12853;Protein G;Streptococcus;['T', '53', 'A,', 'T', '44', 'R'];00.08;CD;Thermal;PROTEIN SCI 11 688-690 (2002) PMID: 11847291;129.00376487047436;-2.301341133770208;S;TT;53,44,;AR
24;12854;Protein G;Streptococcus;['T', '53', 'A,', 'T', '44', 'A'];00.14;CD;Thermal;PROTEIN SCI 11 688-690 (2002) PMID: 11847291;129.72642691016168;-3.0240031734575297;S;TT;53,44,;AA
39;21970;Protein G;Streptococcus;['T', '2', 'P'];-2.70;CD;Thermal;PROTEIN ENG DES SEL 19, 285-289 (2006) PMID: 16549401;128.73258840932135;-2.030164672617204;H;T;2,;P
40;21972;Protein G;Streptococcus;['K', '10', 'P'];-0.20;CD;Thermal;PROTEIN ENG DES SEL 19, 285-289 (2006) PMID: 16549401;127.95231747929876;-1.2498937425946082;G;K;10,;P
41;21973;Protein G;Streptococcus;['V', '21', 'P'];00.50;CD;Thermal;PROTEIN ENG DES SEL 19, 285-289 (2006) PMID: 16549401;125.23578407412857;1.4666396625755738;T;V;21,;P
42;21975;Protein G;Streptococcus;['A', '24', 'P'];-0.50;CD;Thermal;PROTEIN ENG DES SEL 19, 285-289 (2006) PMID: 16549401;127.05068059786352;-0.3482568611593706;S;A;24,;P
43;21978;Protein G;Streptococcus;['D', '36', 'P'];-3.10;CD;Thermal;PROTEIN ENG DES SEL 19, 285-289 (2006) PMID: 16549401;127.22043417397929;-0.5180104372751373;T;D;36,;P
44;21979;Protein G;Streptococcus;['A', '48', 'P'];-0.70;CD;Thermal;PROTEIN ENG DES SEL 19, 285-289 (2006) PMID: 16549401;127.2403881381368;-0.5379644014326459;T;A;48,;P
45;21980;Protein G;Streptococcus;['V', '21', 'P,', 'A', '23', 'P'];-0.10;CD;Thermal;PROTEIN ENG DES SEL 19, 285-289 (2006) PMID: 16549401;124.64115577699339;2.0612679597107615;T;VA;21,23,;PP
