;Entry;Protein;Source;Mutation;ddG;Measure;Mesthod;REFERENCE;log(p);d_log(p);dssp;WT_AA;Position;Mut_AA
0;216;Rop;Escherichia coli;['WILD'];0;Thermal;;;156.16588925027483;0.0;None;Non;Non;WILD
20;13252;Rop;Escherichia coli;['D', '30', 'G'];02.00;CD;Thermal;NAT STRUCT BIOL 3, 54-58 (1996) PMID: 8548455;154.03744015655357;2.128449093721258;T;D;30,;G
21;13253;Rop;Escherichia coli;['D', '30', 'Q'];0,097222222;CD;Thermal;NAT STRUCT BIOL 3, 54-58 (1996) PMID: 8548455;157.19392689595472;-1.0280376456798876;T;D;30,;Q
22;13254;Rop;Escherichia coli;['D', '30', 'E'];01.00;CD;Thermal;NAT STRUCT BIOL 3, 54-58 (1996) PMID: 8548455;156.70377745493963;-0.5378882046647959;T;D;30,;E
23;13255;Rop;Escherichia coli;['D', '30', 'S'];01.00;CD;Thermal;NAT STRUCT BIOL 3, 54-58 (1996) PMID: 8548455;157.02952335296627;-0.8636341026914351;T;D;30,;S
24;13256;Rop;Escherichia coli;['D', '30', 'K'];0,0625;CD;Thermal;NAT STRUCT BIOL 3, 54-58 (1996) PMID: 8548455;156.45555121833772;-0.28966196806288735;T;D;30,;K
25;13257;Rop;Escherichia coli;['D', '30', 'H'];0,0625;CD;Thermal;NAT STRUCT BIOL 3, 54-58 (1996) PMID: 8548455;157.45465858552168;-1.2887693352468546;T;D;30,;H
26;13258;Rop;Escherichia coli;['D', '30', 'C'];0,055555556;CD;Thermal;NAT STRUCT BIOL 3, 54-58 (1996) PMID: 8548455;165.4269777792883;-9.261088529013477;T;D;30,;C
27;13259;Rop;Escherichia coli;['D', '30', 'R'];0,055555556;CD;Thermal;NAT STRUCT BIOL 3, 54-58 (1996) PMID: 8548455;157.2358208769442;-1.0699316266693586;T;D;30,;R
28;13260;Rop;Escherichia coli;['D', '30', 'N'];0,055555556;CD;Thermal;NAT STRUCT BIOL 3, 54-58 (1996) PMID: 8548455;155.73281353184078;0.4330757184340541;T;D;30,;N
29;13261;Rop;Escherichia coli;['D', '30', 'M'];0,041666667;CD;Thermal;NAT STRUCT BIOL 3, 54-58 (1996) PMID: 8548455;159.37675538212576;-3.210866131850935;T;D;30,;M
30;13262;Rop;Escherichia coli;['D', '30', 'A'];00.30;CD;Thermal;NAT STRUCT BIOL 3, 54-58 (1996) PMID: 8548455;157.7360177933284;-1.5701285430535563;T;D;30,;A
31;13263;Rop;Escherichia coli;['D', '30', 'Y'];00.20;CD;Thermal;NAT STRUCT BIOL 3, 54-58 (1996) PMID: 8548455;159.01973214500939;-2.853842894734555;T;D;30,;Y
32;13264;Rop;Escherichia coli;['D', '30', 'L'];-0.10;CD;Thermal;NAT STRUCT BIOL 3, 54-58 (1996) PMID: 8548455;158.03100287622325;-1.8651136259484247;T;D;30,;L
33;13265;Rop;Escherichia coli;['D', '30', 'F'];-0.10;CD;Thermal;NAT STRUCT BIOL 3, 54-58 (1996) PMID: 8548455;158.74491299147505;-2.579023741200217;T;D;30,;F
34;13266;Rop;Escherichia coli;['D', '30', 'T'];-0.40;CD;Thermal;NAT STRUCT BIOL 3, 54-58 (1996) PMID: 8548455;158.60345943579952;-2.4375701855246916;T;D;30,;T
35;13267;Rop;Escherichia coli;['D', '30', 'V'];-0.40;CD;Thermal;NAT STRUCT BIOL 3, 54-58 (1996) PMID: 8548455;159.1146029441493;-2.948713693874481;T;D;30,;V
36;13268;Rop;Escherichia coli;['D', '30', 'W'];-0.40;CD;Thermal;NAT STRUCT BIOL 3, 54-58 (1996) PMID: 8548455;160.84467687704304;-4.678787626768212;T;D;30,;W
37;13269;Rop;Escherichia coli;['D', '30', 'I'];-0.80;CD;Thermal;NAT STRUCT BIOL 3, 54-58 (1996) PMID: 8548455;162.30287526229367;-6.136986012018838;T;D;30,;I
38;13270;Rop;Escherichia coli;['D', '30', 'P'];-1.60;CD;Thermal;NAT STRUCT BIOL 3, 54-58 (1996) PMID: 8548455;161.81867671463934;-5.652787464364508;T;D;30,;P
