;Entry;Protein;Source;Mutation;ddG;Measure;Mesthod;REFERENCE;log(p);d_log(p);dssp;WT_AA;Position;Mut_AA
0;113;Staphylococcal nuclease;Staphylococcus aureu;['WILD'];0.0;Fluorescence;GdnHCl;PROTEIN SCI 2, 567-576 (1993) PMID: 8518729;324.4133242876239;0.0;None;Non;Non;WILD
1;114;Staphylococcal nuclease;Staphylococcus aureu;['D', '19', 'A'];-0.1;Fluorescence;GdnHCl;PROTEIN SCI 2, 567-576 (1993) PMID: 8518730;323.00418480452555;1.409139483098329;E;D;19,;A
2;120;Staphylococcal nuclease;Staphylococcus aureu;['D', '19', 'G'];-0.5;Fluorescence;GdnHCl;PROTEIN SCI 2, 567-576 (1993) PMID: 8518730;323.80008662115944;0.6132376664644426;-;D;19,;G
3;305;Staphylococcal nuclease;Staphylococcus aureu;['D', '21', 'A'];0.7;Fluorescence;GdnHCl;BIOCHEMISTRY 32, 2534-2541 (1993) PMID: 8448112;323.86763844552087;0.545685842103012;T;D;21,;A
4;381;Staphylococcal nuclease;Staphylococcus aureu;['D', '21', 'G'];0.3;Fluorescence;GdnHCl;BIOCHEMISTRY 30, 1193-1199 (1991) PMID: 1991099;323.8432585134446;0.5700657741792838;T;D;21,;G
5;382;Staphylococcal nuclease;Staphylococcus aureu;['D', '40', 'A'];0.2;Fluorescence;GdnHCl;BIOCHEMISTRY 30, 1193-1199 (1991) PMID: 1991099;324.6807902940437;-0.2674660064197951;E;D;40,;A
6;445;Staphylococcal nuclease;Staphylococcus aureu;['D', '40', 'G'];-0.5;Fluorescence;GdnHCl;BIOCHEMISTRY 29, 8033-8041 (1990) PMID: 2261461;325.3395202091172;-0.9261959214933313;E;D;40,;G
7;446;Staphylococcal nuclease;Staphylococcus aureu;['D', '77', 'A'];-3.1;Fluorescence;GdnHCl;BIOCHEMISTRY 29, 8033-8041 (1990) PMID: 2261461;325.6813363877565;-1.268012100132637;-;D;77,;A
8;486;Staphylococcal nuclease;Staphylococcus aureu;['D', '77', 'G'];-2.2;Fluorescence;GdnHCl;BIOCHEMISTRY 29, 8033-8041 (1990) PMID: 2261461;326.39170056487654;-1.9783762772526643;-;D;77,;G
9;487;Staphylococcal nuclease;Staphylococcus aureu;['D', '83', 'A'];-3.8;Fluorescence;GdnHCl;BIOCHEMISTRY 29, 8033-8041 (1990) PMID: 2261461;326.79780046942693;-2.384476181803052;-;D;83,;A
10;492;Staphylococcal nuclease;Staphylococcus aureu;['D', '83', 'G'];-2.7;Fluorescence;GdnHCl;BIOCHEMISTRY 29, 8033-8041 (1990) PMID: 2261461;327.61601928301224;-3.202694995388356;-;D;83,;G
11;493;Staphylococcal nuclease;Staphylococcus aureu;['D', '95', 'A'];-3.3;Fluorescence;GdnHCl;BIOCHEMISTRY 29, 8033-8041 (1990) PMID: 2261461;326.21007788951096;-1.796753601887076;H;D;95,;A
12;494;Staphylococcal nuclease;Staphylococcus aureu;['D', '95', 'G'];-2.7;Fluorescence;GdnHCl;BIOCHEMISTRY 29, 8033-8041 (1990) PMID: 2261461;325.41678755699337;-1.0034632693694903;E;D;95,;G
13;495;Staphylococcal nuclease;Staphylococcus aureu;['E', '10', 'A'];-1.3;Fluorescence;GdnHCl;BIOCHEMISTRY 29, 8033-8041 (1990) PMID: 2261461;324.5175913270194;-0.10426703939549498;H;E;10,;A
14;1587;Staphylococcal nuclease;Staphylococcus aureu;['E', '10', 'G'];-1.8;Fluorescence;GdnHCl;BIOCHEMISTRY 35, 6443-6449 (1996) PMID: 8639591;326.46313302078687;-2.0498087331629904;H;E;10,;G
15;1588;Staphylococcal nuclease;Staphylococcus aureu;['E', '43', 'A'];0.3;Fluorescence;GdnHCl;BIOCHEMISTRY 35, 6443-6449 (1996) PMID: 8639591;323.37553166196443;1.0377926256594492;H;E;43,;A
16;1607;Staphylococcal nuclease;Staphylococcus aureu;['E', '43', 'G'];0.5;Fluorescence;GdnHCl;BIOCHEMISTRY 35, 6443-6449 (1996) PMID: 8639591;324.53906272379373;-0.12573843616985414;E;E;43,;G
17;1608;Staphylococcal nuclease;Staphylococcus aureu;['E', '52', 'A'];-0.1;Fluorescence;GdnHCl;BIOCHEMISTRY 35, 6443-6449 (1996) PMID: 8639591;323.9042034114447;0.5091208761791677;E;E;52,;A
18;1611;Staphylococcal nuclease;Staphylococcus aureu;['E', '52', 'G'];-0.4;Fluorescence;GdnHCl;BIOCHEMISTRY 35, 6443-6449 (1996) PMID: 8639591;324.4307209840944;-0.01739669647054143;E;E;52,;G
19;1612;Staphylococcal nuclease;Staphylococcus aureu;['E', '57', 'A'];-0.2;Fluorescence;GdnHCl;BIOCHEMISTRY 35, 6443-6449 (1996) PMID: 8639591;322.94561936385895;1.4677049237649271;E;E;57,;A
20;1615;Staphylococcal nuclease;Staphylococcus aureu;['E', '57', 'G'];-1.6;Fluorescence;GdnHCl;BIOCHEMISTRY 35, 6443-6449 (1996) PMID: 8639591;324.17968630184026;0.2336379857836164;H;E;57,;G
21;1616;Staphylococcal nuclease;Staphylococcus aureu;['E', '67', 'A'];-1.0;Fluorescence;GdnHCl;BIOCHEMISTRY 35, 6443-6449 (1996) PMID: 8639591;324.6230489731342;-0.20972468551030943;H;E;67,;A
22;1617;Staphylococcal nuclease;Staphylococcus aureu;['E', '67', 'G'];-0.9;Fluorescence;GdnHCl;BIOCHEMISTRY 35, 6443-6449 (1996) PMID: 8639591;325.4372204991926;-1.02389621156874;H;E;67,;G
23;1618;Staphylococcal nuclease;Staphylococcus aureu;['E', '73', 'A'];-1.4;Fluorescence;GdnHCl;BIOCHEMISTRY 35, 6443-6449 (1996) PMID: 8639591;325.6532701288456;-1.2399458412216973;T;E;73,;A
24;1619;Staphylococcal nuclease;Staphylococcus aureu;['E', '73', 'G'];-2.7;Fluorescence;GdnHCl;BIOCHEMISTRY 35, 6443-6449 (1996) PMID: 8639591;326.92624038544017;-2.512916097816287;H;E;73,;G
25;1620;Staphylococcal nuclease;Staphylococcus aureu;['E', '75', 'A'];-2.2;Fluorescence;GdnHCl;BIOCHEMISTRY 35, 6443-6449 (1996) PMID: 8639591;324.9162437986209;-0.5029195109970033;H;E;75,;A
26;1621;Staphylococcal nuclease;Staphylococcus aureu;['E', '75', 'G'];-3.5;Fluorescence;GdnHCl;BIOCHEMISTRY 35, 6443-6449 (1996) PMID: 8639591;326.0521129310078;-1.6387886433839185;H;E;75,;G
27;1622;Staphylococcal nuclease;Staphylococcus aureu;['E', '101', 'A'];-1.9;Fluorescence;GdnHCl;BIOCHEMISTRY 35, 6443-6449 (1996) PMID: 8639591;324.68176658218414;-0.26844229456025914;T;E;101,;A
28;1623;Staphylococcal nuclease;Staphylococcus aureu;['E', '101', 'G'];-3.1;Fluorescence;GdnHCl;BIOCHEMISTRY 35, 6443-6449 (1996) PMID: 8639591;326.2598560045723;-1.8465317169484479;T;E;101,;G
29;1624;Staphylococcal nuclease;Staphylococcus aureu;['E', '122', 'A'];-0.4;Fluorescence;GdnHCl;BIOCHEMISTRY 35, 6443-6449 (1996) PMID: 8639591;325.0272407297094;-0.6139164420854968;-;E;122,;A
30;1627;Staphylococcal nuclease;Staphylococcus aureu;['E', '122', 'G'];-2.2;Fluorescence;GdnHCl;BIOCHEMISTRY 35, 6443-6449 (1996) PMID: 8639591;326.82212073310967;-2.408796445485791;-;E;122,;G
31;1628;Staphylococcal nuclease;Staphylococcus aureu;['E', '129', 'A'];-2.4;Fluorescence;GdnHCl;BIOCHEMISTRY 35, 6443-6449 (1996) PMID: 8639591;323.41704407686876;0.996280210755117;-;E;129,;A
32;1629;Staphylococcal nuclease;Staphylococcus aureu;['E', '129', 'G'];-3.8;Fluorescence;GdnHCl;BIOCHEMISTRY 35, 6443-6449 (1996) PMID: 8639591;325.7401970402393;-1.3268727526154294;-;E;129,;G
33;1630;Staphylococcal nuclease;Staphylococcus aureu;['E', '135', 'A'];-0.7;Fluorescence;GdnHCl;BIOCHEMISTRY 35, 6443-6449 (1996) PMID: 8639591;324.47975542391026;-0.06643113628638275;E;E;135,;A
34;1631;Staphylococcal nuclease;Staphylococcus aureu;['E', '135', 'G'];-1.7;Fluorescence;GdnHCl;BIOCHEMISTRY 35, 6443-6449 (1996) PMID: 8639591;326.4157837488339;-2.0024594612100373;T;E;135,;G
35;1632;Staphylococcal nuclease;Staphylococcus aureu;['K', '6', 'A'];0.3;Fluorescence;GdnHCl;BIOCHEMISTRY 35, 6443-6449 (1996) PMID: 8639591;324.3656612734938;0.04766301413008023;E;K;6,;A
36;1633;Staphylococcal nuclease;Staphylococcus aureu;['K', '6', 'G'];0.3;Fluorescence;GdnHCl;BIOCHEMISTRY 35, 6443-6449 (1996) PMID: 8639591;323.6522594040484;0.7610648835755001;E;K;6,;G
37;1634;Staphylococcal nuclease;Staphylococcus aureu;['K', '9', 'A'];-1.4;Fluorescence;GdnHCl;BIOCHEMISTRY 35, 6443-6449 (1996) PMID: 8639591;326.0294664454355;-1.6161421578116233;E;K;9,;A
38;1635;Staphylococcal nuclease;Staphylococcus aureu;['K', '9', 'G'];-1.9;Fluorescence;GdnHCl;BIOCHEMISTRY 35, 6443-6449 (1996) PMID: 8639591;326.83046190744193;-2.4171376198180496;T;K;9,;G
39;1636;Staphylococcal nuclease;Staphylococcus aureu;['K', '16', 'A'];-0.2;Fluorescence;GdnHCl;BIOCHEMISTRY 35, 6443-6449 (1996) PMID: 8639591;325.3798985640513;-0.9665742764274228;T;K;16,;A
40;1637;Staphylococcal nuclease;Staphylococcus aureu;['K', '16', 'G'];-0.7;Fluorescence;GdnHCl;BIOCHEMISTRY 35, 6443-6449 (1996) PMID: 8639591;326.0028307968709;-1.5895065092470304;S;K;16,;G
41;1638;Staphylococcal nuclease;Staphylococcus aureu;['K', '24', 'A'];-0.2;Fluorescence;GdnHCl;BIOCHEMISTRY 35, 6443-6449 (1996) PMID: 8639591;323.9928599442672;0.42046434335668437;S;K;24,;A
42;1641;Staphylococcal nuclease;Staphylococcus aureu;['K', '24', 'G'];-1.2;Fluorescence;GdnHCl;BIOCHEMISTRY 35, 6443-6449 (1996) PMID: 8639591;329.6478171102081;-5.2344928225842295;T;K;24,;G
43;1642;Staphylococcal nuclease;Staphylococcus aureu;['K', '28', 'A'];-0.7;Fluorescence;GdnHCl;BIOCHEMISTRY 35, 6443-6449 (1996) PMID: 8639591;324.7589517566103;-0.3456274689864358;T;K;28,;A
44;1643;Staphylococcal nuclease;Staphylococcus aureu;['K', '28', 'G'];-0.7;Fluorescence;GdnHCl;BIOCHEMISTRY 35, 6443-6449 (1996) PMID: 8639591;323.92712889400394;0.486195393619937;T;K;28,;G
45;1644;Staphylococcal nuclease;Staphylococcus aureu;['K', '45', 'A'];0.3;Fluorescence;GdnHCl;BIOCHEMISTRY 35, 6443-6449 (1996) PMID: 8639591;327.0593580324249;-2.6460337448010023;E;K;45,;A
46;1647;Staphylococcal nuclease;Staphylococcus aureu;['K', '45', 'G'];0.2;Fluorescence;GdnHCl;BIOCHEMISTRY 35, 6443-6449 (1996) PMID: 8639591;327.1993982627234;-2.786073975099498;T;K;45,;G
47;1648;Staphylococcal nuclease;Staphylococcus aureu;['K', '48', 'A'];0.1;Fluorescence;GdnHCl;BIOCHEMISTRY 35, 6443-6449 (1996) PMID: 8639591;324.9730660815713;-0.5597417939474099;T;K;48,;A
48;1649;Staphylococcal nuclease;Staphylococcus aureu;['K', '48', 'G'];0.2;Fluorescence;GdnHCl;BIOCHEMISTRY 35, 6443-6449 (1996) PMID: 8639591;324.33561610291355;0.0777081847103318;T;K;48,;G
49;1650;Staphylococcal nuclease;Staphylococcus aureu;['K', '49', 'A'];-0.3;Fluorescence;GdnHCl;BIOCHEMISTRY 35, 6443-6449 (1996) PMID: 8639591;324.86684397140306;-0.4535196837791773;H;K;49,;A
50;1651;Staphylococcal nuclease;Staphylococcus aureu;['K', '49', 'G'];-0.2;Fluorescence;GdnHCl;BIOCHEMISTRY 35, 6443-6449 (1996) PMID: 8639591;325.81168359233044;-1.3983593047065597;H;K;49,;G
51;1652;Staphylococcal nuclease;Staphylococcus aureu;['K', '53', 'A'];-0.4;Fluorescence;GdnHCl;BIOCHEMISTRY 35, 6443-6449 (1996) PMID: 8639591;324.84726993667863;-0.4339456490547491;H;K;53,;A
52;1657;Staphylococcal nuclease;Staphylococcus aureu;['K', '53', 'G'];-0.3;Fluorescence;GdnHCl;BIOCHEMISTRY 35, 6443-6449 (1996) PMID: 8639591;324.84673980076417;-0.4334155131402895;H;K;53,;G
53;1658;Staphylococcal nuclease;Staphylococcus aureu;['K', '63', 'A'];-0.5;Fluorescence;GdnHCl;BIOCHEMISTRY 35, 6443-6449 (1996) PMID: 8639591;325.5676802727608;-1.154355985136931;S;K;63,;A
54;1661;Staphylococcal nuclease;Staphylococcus aureu;['K', '63', 'G'];-1.5;Fluorescence;GdnHCl;BIOCHEMISTRY 35, 6443-6449 (1996) PMID: 8639591;326.98628079441875;-2.572956506794867;S;K;63,;G
55;1662;Staphylococcal nuclease;Staphylococcus aureu;['K', '64', 'A'];0.1;Fluorescence;GdnHCl;BIOCHEMISTRY 35, 6443-6449 (1996) PMID: 8639591;324.2500956838482;0.1632286037756785;-;K;64,;A
56;1994;Staphylococcal nuclease;Staphylococcus aureu;['K', '64', 'G'];-0.4;Fluorescence;GdnHCl;BIOCHEMISTRY 31, 5717-5728 (1992) PMID: 1610820;326.14391133194835;-1.7305870443244658;E;K;64,;G
57;1995;Staphylococcal nuclease;Staphylococcus aureu;['K', '70', 'A'];-0.1;Fluorescence;GdnHCl;BIOCHEMISTRY 31, 5717-5728 (1992) PMID: 1610820;324.8372697495593;-0.4239454619354319;-;K;70,;A
58;2008;Staphylococcal nuclease;Staphylococcus aureu;['K', '70', 'G'];-0.5;Fluorescence;GdnHCl;BIOCHEMISTRY 31, 5717-5728 (1992) PMID: 1610820;325.3512943301425;-0.9379700425186002;S;K;70,;G
59;2009;Staphylococcal nuclease;Staphylococcus aureu;['K', '71', 'A'];-0.4;Fluorescence;GdnHCl;BIOCHEMISTRY 31, 5717-5728 (1992) PMID: 1610820;326.1550405208846;-1.7417162332607177;S;K;71,;A
60;2014;Staphylococcal nuclease;Staphylococcus aureu;['K', '71', 'G'];-1.1;Fluorescence;GdnHCl;BIOCHEMISTRY 31, 5717-5728 (1992) PMID: 1610820;329.79020566179776;-5.376881374173877;T;K;71,;G
61;2015;Staphylococcal nuclease;Staphylococcus aureu;['K', '78', 'A'];-0.6;Fluorescence;GdnHCl;BIOCHEMISTRY 31, 5717-5728 (1992) PMID: 1610820;326.5195032101506;-2.1061789225267376;T;K;78,;A
62;2016;Staphylococcal nuclease;Staphylococcus aureu;['K', '78', 'G'];-1.1;Fluorescence;GdnHCl;BIOCHEMISTRY 31, 5717-5728 (1992) PMID: 1610820;327.66007962914597;-3.246755341522089;E;K;78,;G
63;2017;Staphylococcal nuclease;Staphylococcus aureu;['K', '84', 'A'];0.2;Fluorescence;GdnHCl;BIOCHEMISTRY 31, 5717-5728 (1992) PMID: 1610820;323.99783558205803;0.41548870556584916;E;K;84,;A
64;2020;Staphylococcal nuclease;Staphylococcus aureu;['K', '84', 'G'];-0.3;Fluorescence;GdnHCl;BIOCHEMISTRY 31, 5717-5728 (1992) PMID: 1610820;324.85685634724285;-0.443532059618974;E;K;84,;G
65;2021;Staphylococcal nuclease;Staphylococcus aureu;['K', '97', 'A'];-0.1;Fluorescence;GdnHCl;BIOCHEMISTRY 31, 5717-5728 (1992) PMID: 1610820;326.11571354977565;-1.702389262151769;E;K;97,;A
66;2028;Staphylococcal nuclease;Staphylococcus aureu;['K', '97', 'G'];-1.7;Fluorescence;GdnHCl;BIOCHEMISTRY 31, 5717-5728 (1992) PMID: 1610820;327.151612670652;-2.7382883830281344;T;K;97,;G
67;2029;Staphylococcal nuclease;Staphylococcus aureu;['K', '110', 'A'];-1.3;Fluorescence;GdnHCl;BIOCHEMISTRY 31, 5717-5728 (1992) PMID: 1610820;326.46642849284564;-2.053104205221757;-;K;110,;A
68;2036;Staphylococcal nuclease;Staphylococcus aureu;['K', '110', 'G'];-2.7;Fluorescence;GdnHCl;BIOCHEMISTRY 31, 5717-5728 (1992) PMID: 1610820;328.30220614824384;-3.8888818606199607;T;K;110,;G
69;2037;Staphylococcal nuclease;Staphylococcus aureu;['K', '116', 'A'];0.7;Fluorescence;GdnHCl;BIOCHEMISTRY 31, 5717-5728 (1992) PMID: 1610820;325.09732452752513;-0.6840002399012519;H;K;116,;A
70;2040;Staphylococcal nuclease;Staphylococcus aureu;['K', '116', 'G'];1.0;Fluorescence;GdnHCl;BIOCHEMISTRY 31, 5717-5728 (1992) PMID: 1610820;328.2801312546374;-3.866806967013531;H;K;116,;G
71;2041;Staphylococcal nuclease;Staphylococcus aureu;['K', '127', 'A'];0.2;Fluorescence;GdnHCl;BIOCHEMISTRY 31, 5717-5728 (1992) PMID: 1610820;324.37988069453644;0.033443593087440604;H;K;127,;A
72;2044;Staphylococcal nuclease;Staphylococcus aureu;['K', '127', 'G'];-0.7;Fluorescence;GdnHCl;BIOCHEMISTRY 31, 5717-5728 (1992) PMID: 1610820;326.07391588843353;-1.6605916008096528;H;K;127,;G
73;2045;Staphylococcal nuclease;Staphylococcus aureu;['K', '133', 'A'];-1.4;Fluorescence;GdnHCl;BIOCHEMISTRY 31, 5717-5728 (1992) PMID: 1610820;324.5548014667083;-0.14147717908440427;E;K;133,;A
74;2056;Staphylococcal nuclease;Staphylococcus aureu;['K', '133', 'G'];-3.3;Fluorescence;GdnHCl;BIOCHEMISTRY 31, 5717-5728 (1992) PMID: 1610820;326.0435908213594;-1.6302665337354938;H;K;133,;G
75;2057;Staphylococcal nuclease;Staphylococcus aureu;['K', '13', '4A'];0.1;Fluorescence;GdnHCl;BIOCHEMISTRY 31, 5717-5728 (1992) PMID: 1610820;325.44766314903774;-1.0343388614138576;T;K;13,;4A
76;2058;Staphylococcal nuclease;Staphylococcus aureu;['K', '134', 'G'];-0.7;Fluorescence;GdnHCl;BIOCHEMISTRY 31, 5717-5728 (1992) PMID: 1610820;325.81498793189195;-1.4016636442680692;E;K;134,;G
77;2059;Staphylococcal nuclease;Staphylococcus aureu;['K', '136', 'A'];-0.9;Fluorescence;GdnHCl;BIOCHEMISTRY 31, 5717-5728 (1992) PMID: 1610820;326.13108869472245;-1.7177644070985707;-;K;136,;A
78;2062;Staphylococcal nuclease;Staphylococcus aureu;['K', '13', '6G'];-0.2;Fluorescence;GdnHCl;BIOCHEMISTRY 31, 5717-5728 (1992) PMID: 1610820;327.72739979383874;-3.314075506214863;-;K;13,;6G
79;2063;Staphylococcal nuclease;Staphylococcus aureu;['H', '8', 'A'];-0.4;Fluorescence;GdnHCl;BIOCHEMISTRY 31, 5717-5728 (1992) PMID: 1610820;324.65497136649395;-0.24164707887007353;-;H;8,;A
80;2071;Staphylococcal nuclease;Staphylococcus aureu;['H', '8', 'G'];-0.8;Fluorescence;GdnHCl;BIOCHEMISTRY 31, 5717-5728 (1992) PMID: 1610820;326.918138901071;-2.504814613447138;B;H;8,;G
81;2072;Staphylococcal nuclease;Staphylococcus aureu;['H', '46', 'A'];-0.5;Fluorescence;GdnHCl;BIOCHEMISTRY 31, 5717-5728 (1992) PMID: 1610820;322.0007297851179;2.4125945025059536;B;H;46,;A
82;2075;Staphylococcal nuclease;Staphylococcus aureu;['H', '46', 'G'];-0.4;Fluorescence;GdnHCl;BIOCHEMISTRY 31, 5717-5728 (1992) PMID: 1610820;322.3703112789121;2.043013008711796;T;H;46,;G
83;2076;Staphylococcal nuclease;Staphylococcus aureu;['H', '121', 'A'];-3.1;Fluorescence;GdnHCl;BIOCHEMISTRY 31, 5717-5728 (1992) PMID: 1610820;326.2420114702606;-1.8286871826367133;T;H;121,;A
84;2087;Staphylococcal nuclease;Staphylococcus aureu;['H', '121', 'G'];-4.2;Fluorescence;GdnHCl;BIOCHEMISTRY 31, 5717-5728 (1992) PMID: 1610820;327.8293005248095;-3.415976237185646;H;H;121,;G
85;2088;Staphylococcal nuclease;Staphylococcus aureu;['H', '124', 'A'];0.4;Fluorescence;GdnHCl;BIOCHEMISTRY 31, 5717-5728 (1992) PMID: 1610820;323.3617653188598;1.051558968764084;H;H;124,;A
86;2486;Staphylococcal nuclease;Staphylococcus aureu;['H', '124', 'G'];0.5;Fluorescence;GdnHCl;PROTEINS 7, 299-305 (1990) PMID: 2381904;324.778747222724;-0.3654229351001277;E;H;124,;G
87;2487;Staphylococcal nuclease;Staphylococcus aureu;['R', '35', 'A'];-1.4;Fluorescence;GdnHCl;PROTEINS 7, 299-305 (1990) PMID: 2381904;325.99809371140435;-1.5847694237804717;E;R;35,;A
88;2672;Staphylococcal nuclease;Staphylococcus aureu;['R', '35', 'G'];-2.2;Fluorescence;GdnHCl;BIOCHEMISTRY 32, 10131-10139 (1993) PMID: 8399139;327.0651066418954;-2.6517823542715178;S;R;35,;G
89;2673;Staphylococcal nuclease;Staphylococcus aureu;['R', '81', 'A'];-1.1;Fluorescence;GdnHCl;BIOCHEMISTRY 32, 10131-10139 (1993) PMID: 8399139;326.1392014336165;-1.7258771459926265;-;R;81,;A
90;2674;Staphylococcal nuclease;Staphylococcus aureu;['R', '81', 'G'];-2.2;Fluorescence;GdnHCl;BIOCHEMISTRY 32, 10131-10139 (1993) PMID: 8399139;328.960772289256;-4.5474480016321195;S;R;81,;G
91;2675;Staphylococcal nuclease;Staphylococcus aureu;['R', '87', 'A'];-0.9;Fluorescence;GdnHCl;BIOCHEMISTRY 32, 10131-10139 (1993) PMID: 8399139;326.2322828758144;-1.818958588190526;-;R;87,;A
92;2676;Staphylococcal nuclease;Staphylococcus aureu;['R', '87', 'G'];-2.6;Fluorescence;GdnHCl;BIOCHEMISTRY 32, 10131-10139 (1993) PMID: 8399139;327.05890421056466;-2.645579922940783;-;R;87,;G
93;2714;Staphylococcal nuclease;Staphylococcus aureu;['R', '105', 'A'];-1.4;Fluorescence;GdnHCl;BIOCHEMISTRY 32, 10131-10139 (1993) PMID: 8399139;324.56037231614204;-0.14704802851815657;H;R;105,;A
94;2716;Staphylococcal nuclease;Staphylococcus aureu;['R', '105', 'G'];-2.4;Fluorescence;GdnHCl;BIOCHEMISTRY 32, 10131-10139 (1993) PMID: 8399139;325.92281117659564;-1.5094868889717645;H;R;105,;G
95;2717;Staphylococcal nuclease;Staphylococcus aureu;['R', '126', 'A'];-1.7;Fluorescence;GdnHCl;BIOCHEMISTRY 32, 10131-10139 (1993) PMID: 8399139;325.4417535574343;-1.028429269810431;H;R;126,;A
96;2720;Staphylococcal nuclease;Staphylococcus aureu;['R', '12', '6G'];-2.9;Fluorescence;GdnHCl;BIOCHEMISTRY 32, 10131-10139 (1993) PMID: 8399139;325.2437402777188;-0.8304159900949344;E;R;12,;6G
