;Entry;Protein;Source;Mutation;ddG;Measure;Mesthod;REFERENCE;log(p);d_log(p);dssp;WT_AA;Position;Mut_AA
0;8363;Lysozyme;Bacteriophage T3;['WILD'];0;CD;Thermal;PROTEIN SCI 9, 1395-1398 (2000) PMID: 10933505;402.51347344970657;0.0;None;Non;Non;WILD
1;8364;Lysozyme;Bacteriophage T4;['K', '135', 'E'];-1.00;CD;Thermal;PROTEIN SCI 9, 1395-1398 (2000) PMID: 10933506;402.39988176726763;0.11359168243893691;S;K;135,;E
2;13242;Lysozyme;Bacteriophage T4;['K', '60', 'P'];00.10;CD;Thermal;BIOPOLYMERS 32, 1431-1441 (1992) PMID: 1457724;402.7887579197353;-0.2752844700287369;H;K;60,;P
3;13244;Lysozyme;Bacteriophage T4;['A', '82', 'P'];00.30;CD;Thermal;BIOPOLYMERS 32, 1431-1441 (1992) PMID: 1457724;402.23620416405333;0.27726928565323306;H;A;82,;P
4;13245;Lysozyme;Bacteriophage T4;['A', '93', 'P'];00.10;CD;Thermal;BIOPOLYMERS 32, 1431-1441 (1992) PMID: 1457724;402.0303819288314;0.4830915208751776;H;A;93,;P
5;13246;Lysozyme;Bacteriophage T4;['G', '113', 'A'];00.10;CD;Thermal;BIOPOLYMERS 32, 1431-1441 (1992) PMID: 1457724;401.4926536023413;1.02081984736526;H;G;113,;A
10;13296;Lysozyme;Bacteriophage T4;['T', '115', 'E'];-0.50;CD;Thermal;BIOCHEMISTRY 30, 9816-9828 (1991) PMID: 1911773;401.519905647594;0.9935678021125796;H;T;115,;E
11;13297;Lysozyme;Bacteriophage T4;['N', '116', 'D'];-0.10;CD;Thermal;BIOCHEMISTRY 30, 9816-9828 (1991) PMID: 1911773;401.6169736699285;0.8964997797780825;H;N;116,;D
12;13298;Lysozyme;Bacteriophage T4;['R', '119', 'M'];-0.30;CD;Thermal;BIOCHEMISTRY 30, 9816-9828 (1991) PMID: 1911773;405.1546317941644;-2.6411583444578355;H;R;119,;M
13;13299;Lysozyme;Bacteriophage T4;['N', '144', 'D'];-0.10;CD;Thermal;BIOCHEMISTRY 30, 9816-9828 (1991) PMID: 1911773;401.0634957780291;1.449977671677459;H;N;144,;D
23;13310;Lysozyme;Bacteriophage T4;['Q', '123', 'E'];00.30;CD;Thermal;BIOCHEMISTRY 30, 7142-7153 (1991) PMID: 1854726;401.5247940615109;0.9886793881956919;H;Q;123,;E
26;13313;Lysozyme;Bacteriophage T4;['N', '144', 'E'];00.20;CD;Thermal;BIOCHEMISTRY 30, 7142-7153 (1991) PMID: 1854726;400.2351007057245;2.278372743982061;H;N;144,;E
29;13316;Lysozyme;Bacteriophage T4;['K', '60', 'H'];-0.80;CD;Thermal;BIOCHEMISTRY 30, 7142-7153 (1991) PMID: 1854726;404.5495978793874;-2.0361244296808536;H;K;60,;H
31;13321;Lysozyme;Bacteriophage T4;['K', '83', 'H'];-0.50;CD;Thermal;BIOCHEMISTRY 30, 7142-7153 (1991) PMID: 1854726;403.4340872707296;-0.9206138210230392;H;K;83,;H
33;13463;Lysozyme;Bacteriophage T4;['K', '16', 'E'];-0.50;CD;Thermal;J MOL BIOL 221, 873-887 (1991) PMID: 1942034;402.84986894711676;-0.33639549741019437;H;K;16,;E
34;13464;Lysozyme;Bacteriophage T4;['R', '119', 'E'];-0.20;CD;Thermal;J MOL BIOL 221, 873-887 (1991) PMID: 1942034;402.51122821005004;0.0022452396565313393;-;R;119,;E
39;13489;Lysozyme;Bacteriophage T4;['N', '40', 'A'];00.43;CD;Thermal;PROC NATL ACAD SCI U S A 89, 3751-3755 (1992) PMID: 1570293;401.4705193463259;1.04295410338068;-;N;40,;A
40;13491;Lysozyme;Bacteriophage T4;['S', '44', 'A'];00.44;CD;Thermal;PROC NATL ACAD SCI U S A 89, 3751-3755 (1992) PMID: 1570293;402.0875348651631;0.42593858454347355;-;S;44,;A
41;13495;Lysozyme;Bacteriophage T4;['K', '48', 'A'];-0.32;CD;Thermal;PROC NATL ACAD SCI U S A 89, 3751-3755 (1992) PMID: 1570293;401.93801152535275;0.5754619243538173;-;K;48,;A
45;13505;Lysozyme;Bacteriophage T4;['R', '14', 'K'];-0.03;CD;Thermal;PROTEIN SCI 2, 2217-2225 (1993) PMID: 7507755;402.33463862437304;0.17883482533352435;-;R;14,;K
46;13508;Lysozyme;Bacteriophage T4;['N', '40', 'D'];00.44;CD;Thermal;PROTEIN SCI 2, 2217-2225 (1993) PMID: 7507755;401.04702440751294;1.4664490421936307;-;N;40,;D
47;13510;Lysozyme;Bacteriophage T4;['R', '80', 'K'];-0.17;CD;Thermal;PROTEIN SCI 2, 2217-2225 (1993) PMID: 7507755;402.5029521223852;0.010521327321384888;H;R;80,;K
48;13512;Lysozyme;Bacteriophage T4;['A', '93', 'T'];00.06;CD;Thermal;PROTEIN SCI 2, 2217-2225 (1993) PMID: 7507755;403.316460646158;-0.8029871964514541;H;A;93,;T
49;13513;Lysozyme;Bacteriophage T4;['G', '113', 'E'];00.30;CD;Thermal;PROTEIN SCI 2, 2217-2225 (1993) PMID: 7507755;401.5648139026715;0.9486595470350494;H;G;113,;E
50;13514;Lysozyme;Bacteriophage T4;['R', '119', 'H'];-0.29;CD;Thermal;PROTEIN SCI 2, 2217-2225 (1993) PMID: 7507755;404.639902691473;-2.126429241766459;H;R;119,;H
51;13517;Lysozyme;Bacteriophage T4;['N', '163', 'D'];-0.21;CD;Thermal;PROTEIN SCI 2, 2217-2225 (1993) PMID: 7507755;402.55965154085783;-0.046178091151261924;H;N;163,;D
52;13535;Lysozyme;Bacteriophage T4;['T', '115', 'A'];-0.14;CD;Thermal;J MOL BIOL 246, 317-330 (1995) PMID: 7869383;401.9464625475929;0.5670109021136795;H;T;115,;A
53;13536;Lysozyme;Bacteriophage T4;['N', '116', 'A'];00.17;CD;Thermal;J MOL BIOL 246, 317-330 (1995) PMID: 7869383;403.1824370065592;-0.6689635568526455;H;N;116,;A
54;13539;Lysozyme;Bacteriophage T4;['R', '119', 'A'];-0.18;CD;Thermal;J MOL BIOL 246, 317-330 (1995) PMID: 7869383;403.56347587968014;-1.0500024299735742;H;R;119,;A
55;13543;Lysozyme;Bacteriophage T4;['Q', '123', 'A'];-0.22;CD;Thermal;J MOL BIOL 246, 317-330 (1995) PMID: 7869383;402.5418953448674;-0.028421895160818167;H;Q;123,;A
56;13562;Lysozyme;Bacteriophage T4;['A', '82', 'S'];-0.30;CD;Thermal;BIOCHEMISTRY 32, 11363-11373 (1993) PMID: 8218201;402.2351599694149;0.278313480291672;H;A;82,;S
57;13563;Lysozyme;Bacteriophage T4;['A', '93', 'S'];-0.20;CD;Thermal;BIOCHEMISTRY 32, 11363-11373 (1993) PMID: 8218201;402.61159242811823;-0.09811897841166228;T;A;93,;S
58;13578;Lysozyme;Bacteriophage T4;['Q', '69', 'P'];-3.30;CD;Thermal;J BIOL CHEM 267, 2393-2399 (1992) PMID: 1733941;404.6529319935213;-2.139458543814726;T;Q;69,;P
62;13620;Lysozyme;Bacteriophage T4;['V', '131', 'A'];00.27;CD;Thermal;PROTEIN SCI 1, 761-776 (1992) PMID: 1304917;400.84663949172307;1.6668339579834992;E;V;131,;A
63;13650;Lysozyme;Bacteriophage T4;['N', '55', 'G'];-0.50;CD;Thermal;J MOL BIOL 210, 181-193 (1989) PMID: 2511328;401.5126657644421;1.0008076852644763;H;N;55,;G
64;13651;Lysozyme;Bacteriophage T4;['K', '124', 'G'];00.00;CD;Thermal;J MOL BIOL 210, 181-193 (1989) PMID: 2511328;400.66796695030973;1.8455064993968335;H;K;124,;G
85;13790;Lysozyme;Bacteriophage T4;['S', '44', 'L'];00.39;CD;Thermal;J MOL BIOL 235, 600-624 (1994) PMID: 8289284;403.5609546138603;-1.0474811641537372;H;S;44,;L
86;13791;Lysozyme;Bacteriophage T4;['S', '44', 'M'];00.33;CD;Thermal;J MOL BIOL 235, 600-624 (1994) PMID: 8289284;404.3829138047863;-1.869440355079746;H;S;44,;M
87;13792;Lysozyme;Bacteriophage T4;['S', '44', 'I'];00.31;CD;Thermal;J MOL BIOL 235, 600-624 (1994) PMID: 8289284;403.9089172055799;-1.3954437558733161;H;S;44,;I
88;13793;Lysozyme;Bacteriophage T4;['S', '44', 'Q'];00.27;CD;Thermal;J MOL BIOL 235, 600-624 (1994) PMID: 8289284;402.49027272520095;0.023200724505613834;E;S;44,;Q
89;13794;Lysozyme;Bacteriophage T4;['S', '44', 'R'];00.24;CD;Thermal;J MOL BIOL 235, 600-624 (1994) PMID: 8289284;402.655266705483;-0.1417932557764061;H;S;44,;R
90;13795;Lysozyme;Bacteriophage T4;['S', '44', 'K'];00.20;CD;Thermal;J MOL BIOL 235, 600-624 (1994) PMID: 8289284;402.3173834026944;0.19609004701214872;T;S;44,;K
91;13796;Lysozyme;Bacteriophage T4;['S', '44', 'Y'];00.19;CD;Thermal;J MOL BIOL 235, 600-624 (1994) PMID: 8289284;404.4437760456831;-1.9303025959765137;H;S;44,;Y
92;13797;Lysozyme;Bacteriophage T4;['S', '44', 'V'];00.10;CD;Thermal;J MOL BIOL 235, 600-624 (1994) PMID: 8289284;403.8353086620954;-1.3218352123888053;T;S;44,;V
93;13798;Lysozyme;Bacteriophage T4;['S', '44', 'F'];00.06;CD;Thermal;J MOL BIOL 235, 600-624 (1994) PMID: 8289284;404.77010790550264;-2.2566344557960747;T;S;44,;F
94;13799;Lysozyme;Bacteriophage T4;['S', '44', 'W'];00.05;CD;Thermal;J MOL BIOL 235, 600-624 (1994) PMID: 8289284;405.7772224491289;-3.2637489994223188;H;S;44,;W
95;13800;Lysozyme;Bacteriophage T4;['S', '44', 'H'];00.04;CD;Thermal;J MOL BIOL 235, 600-624 (1994) PMID: 8289284;404.2060527191127;-1.6925792694061101;H;S;44,;H
96;13801;Lysozyme;Bacteriophage T4;['S', '44', 'T'];00.01;CD;Thermal;J MOL BIOL 235, 600-624 (1994) PMID: 8289284;403.20087784100383;-0.6874043912972638;H;S;44,;T
97;13802;Lysozyme;Bacteriophage T4;['S', '44', 'E'];00.00;CD;Thermal;J MOL BIOL 235, 600-624 (1994) PMID: 8289284;402.0966562419561;0.41681720775045505;H;S;44,;E
98;13803;Lysozyme;Bacteriophage T4;['S', '44', 'D'];-0.11;CD;Thermal;J MOL BIOL 235, 600-624 (1994) PMID: 8289284;402.7322522130636;-0.2187787633570224;H;S;44,;D
99;13804;Lysozyme;Bacteriophage T4;['S', '44', 'C'];-0.11;CD;Thermal;J MOL BIOL 235, 600-624 (1994) PMID: 8289284;406.88194778270395;-4.36847433299738;H;S;44,;C
100;13805;Lysozyme;Bacteriophage T4;['S', '44', 'N'];-0.14;CD;Thermal;J MOL BIOL 235, 600-624 (1994) PMID: 8289284;402.90014392895773;-0.3866704792511655;T;S;44,;N
101;13806;Lysozyme;Bacteriophage T4;['S', '44', 'G'];-0.53;CD;Thermal;J MOL BIOL 235, 600-624 (1994) PMID: 8289284;403.69289077181077;-1.1794173221042001;H;S;44,;G
102;13807;Lysozyme;Bacteriophage T4;['S', '44', 'P'];-3.03;CD;Thermal;J MOL BIOL 235, 600-624 (1994) PMID: 8289284;403.10430484770836;-0.5908313980017965;H;S;44,;P
104;13809;Lysozyme;Bacteriophage T4;['V', '131', 'L'];00.09;CD;Thermal;J MOL BIOL 235, 600-624 (1994) PMID: 8289284;403.3228292184385;-0.8093557687319617;H;V;131,;L
105;13810;Lysozyme;Bacteriophage T4;['V', '131', 'M'];00.12;CD;Thermal;J MOL BIOL 235, 600-624 (1994) PMID: 8289284;404.05825748103973;-1.5447840313331653;T;V;131,;M
106;13811;Lysozyme;Bacteriophage T4;['V', '131', 'I'];00.16;CD;Thermal;J MOL BIOL 235, 600-624 (1994) PMID: 8289284;403.3190575614283;-0.8055841117217142;T;V;131,;I
107;13812;Lysozyme;Bacteriophage T4;['V', '131', 'T'];-0.12;CD;Thermal;J MOL BIOL 235, 600-624 (1994) PMID: 8289284;401.9333193092681;0.5801541404384807;H;V;131,;T
108;13813;Lysozyme;Bacteriophage T4;['V', '131', 'E'];00.20;CD;Thermal;J MOL BIOL 235, 600-624 (1994) PMID: 8289284;401.4396800737683;1.073793375938294;H;V;131,;E
109;13814;Lysozyme;Bacteriophage T4;['V', '131', 'S'];-0.05;CD;Thermal;J MOL BIOL 235, 600-624 (1994) PMID: 8289284;401.68151323520067;0.831960214505898;H;V;131,;S
110;13815;Lysozyme;Bacteriophage T4;['V', '131', 'D'];00.08;CD;Thermal;J MOL BIOL 235, 600-624 (1994) PMID: 8289284;401.72752459855644;0.785948851150124;H;V;131,;D
111;13816;Lysozyme;Bacteriophage T4;['V', '131', 'G'];-0.68;CD;Thermal;J MOL BIOL 235, 600-624 (1994) PMID: 8289284;402.54027929586243;-0.026805846155866675;H;V;131,;G
112;13839;Lysozyme;Bacteriophage T4;['T', '59', 'N'];-0.60;CD;Thermal;BIOCHEMISTRY 31, 3590-3596 (1992) PMID: 1567817;404.14457721442955;-1.6311037647229796;H;T;59,;N
113;13840;Lysozyme;Bacteriophage T4;['T', '59', 'S'];-0.70;CD;Thermal;BIOCHEMISTRY 31, 3590-3596 (1992) PMID: 1567817;402.3116364018738;0.20183704783278245;H;T;59,;S
114;13841;Lysozyme;Bacteriophage T4;['T', '59', 'D'];-0.90;CD;Thermal;BIOCHEMISTRY 31, 3590-3596 (1992) PMID: 1567817;403.18760997383765;-0.6741365241310859;H;T;59,;D
115;13842;Lysozyme;Bacteriophage T4;['T', '59', 'G'];-2.20;CD;Thermal;BIOCHEMISTRY 31, 3590-3596 (1992) PMID: 1567817;404.0429526198443;-1.5294791701377335;H;T;59,;G
116;13843;Lysozyme;Bacteriophage T4;['T', '59', 'V'];-2.80;CD;Thermal;BIOCHEMISTRY 31, 3590-3596 (1992) PMID: 1567817;404.1433961527948;-1.6299227030882548;H;T;59,;V
117;13844;Lysozyme;Bacteriophage T4;['T', '59', 'A'];-2.80;CD;Thermal;BIOCHEMISTRY 31, 3590-3596 (1992) PMID: 1567817;403.7226505834925;-1.2091771337859427;H;T;59,;A
128;13965;Lysozyme;Bacteriophage T4;['T', '109', 'D'];-0.30;CD;Thermal;BIOCHEMISTRY 30, 9816-9828 (1991) PMID: 1911773;401.6755962592176;0.837877190488939;H;T;109,;D
129;13966;Lysozyme;Bacteriophage T4;['T', '109', 'N'];00.00;CD;Thermal;BIOCHEMISTRY 30, 9816-9828 (1991) PMID: 1911773;402.1492169607211;0.36425648898546115;H;T;109,;N
130;13967;Lysozyme;Bacteriophage T4;['N', '144', 'H'];-0.60;CD;Thermal;BIOCHEMISTRY 30, 9816-9828 (1991) PMID: 1911773;403.62566893983296;-1.1121954901263962;H;N;144,;H
137;14288;Lysozyme;Bacteriophage T4;['N', '68', 'A'];-0.05;CD;Thermal;BIOCHEMISTRY 33, 12022-12031 (1994) PMID: 7918421;402.24568575222304;0.26778769748352715;H;N;68,;A
