;Entry;Protein;Source;Mutation;ddG;Measure;Mesthod;REFERENCE;log(p);d_log(p);dssp;WT_AA;Position;Mut_AA
0;8;Ribonuclease HI;Escherichia coli;['WILD'];0;;;;388.65741875394485;0.0;None;Non;Non;WILD
77;13176;Ribonuclease HI;Escherichia coli;['D', '94', 'E'];-0.40;CD;Thermal;J BIOL CHEM 267, 22014-22017 (1992) PMID: 1331044;388.83400710752414;-0.17658835357929092;H;D;94,;E
79;13178;Ribonuclease HI;Escherichia coli;['K', '95', 'G'];0,090277778;CD;Thermal;J BIOL CHEM 267, 22014-22017 (1992) PMID: 1331044;386.0586039716868;2.598814782258046;I;K;95,;G
81;13180;Ribonuclease HI;Escherichia coli;['K', '95', 'A'];00.10;CD;Thermal;J BIOL CHEM 267, 22014-22017 (1992) PMID: 1331044;389.71267525287897;-1.0552564989341136;I;K;95,;A
83;13182;Ribonuclease HI;Escherichia coli;['K', '95', 'N'];0,0625;CD;Thermal;J BIOL CHEM 267, 22014-22017 (1992) PMID: 1331044;387.6348313370788;1.0225874168660312;B;K;95,;N
85;13344;Ribonuclease HI;Escherichia coli;['H', '62', 'P'];01.00;CD;Thermal;BIOCHEMISTRY 34, 8115-8122 (1995) PMID: 7794925;386.62041824606183;2.037000507883022;T;H;62,;P
88;13373;Ribonuclease HI;Escherichia coli;['Q', '113', 'P'];-0.20;CD;Thermal;J BIOL CHEM 267, 21535-21542 (1992) PMID: 1328237;390.5100534454641;-1.8526346915192562;B;Q;113,;P
91;13384;Ribonuclease HI;Escherichia coli;['H', '62', 'R'];00.36;CD;Thermal;J BIOL CHEM 269, 26904-26911 (1994) PMID: 7929430;387.3983951715567;1.2590235823881812;E;H;62,;R
93;13386;Ribonuclease HI;Escherichia coli;['H', '62', 'P,', 'T', '40', 'A,', 'K', '122', 'R'];0,059027778;CD;Thermal;J BIOL CHEM 269, 26904-26911 (1994) PMID: 7929430;386.5913788313714;2.0660399225734523;B;HTT;62,40,40,;PAA
94;13387;Ribonuclease HI;Escherichia coli;['H', '62', 'D'];-0.17;CD;Thermal;J BIOL CHEM 269, 26904-26911 (1994) PMID: 7929430;387.672163048662;0.9852557052828388;S;H;62,;D
95;13388;Ribonuclease HI;Escherichia coli;['K', '117', 'R'];00.03;CD;Thermal;J BIOL CHEM 269, 26904-26911 (1994) PMID: 7929430;389.3630624917471;-0.7056437378022338;T;K;117,;R
96;13390;Ribonuclease HI;Escherichia coli;['E', '119', 'V,', 'K', '60', 'R'];0,04375;CD;Thermal;J BIOL CHEM 269, 26904-26911 (1994) PMID: 7929430;389.93291257434464;-1.275493820399788;S;EK;119,60,;VR
97;13391;Ribonuclease HI;Escherichia coli;['E', '119', 'V,', 'R', '41', 'C'];01.20;CD;Thermal;J BIOL CHEM 269, 26904-26911 (1994) PMID: 7929430;392.59647809332546;-3.9390593393806057;S;ER;119,41,;VC
98;13392;Ribonuclease HI;Escherichia coli;['R', '41', 'C'];00.44;CD;Thermal;J BIOL CHEM 269, 26904-26911 (1994) PMID: 7929430;392.25006949420913;-3.5926507402642756;S;R;41,;C
100;13394;Ribonuclease HI;Escherichia coli;['E', '135', 'K'];-0.22;CD;Thermal;J BIOL CHEM 269, 26904-26911 (1994) PMID: 7929430;388.80267328618197;-0.14525453223711793;-;E;135,;K
105;13403;Ribonuclease HI;Escherichia coli;['Q', '80', 'L,', 'K', '117', 'R'];-0.03;CD;Thermal;J BIOL CHEM 269, 26904-26911 (1994) PMID: 7929430;390.25893147964916;-1.6015127257043105;T;QK;80,117,;LR
106;13404;Ribonuclease HI;Escherichia coli;['Q', '80', 'L'];00.30;CD;Thermal;J BIOL CHEM 269, 26904-26911 (1994) PMID: 7929430;389.55328774184693;-0.8958689879020767;-;Q;80,;L
113;13939;Ribonuclease HI;Escherichia coli;['K', '91', 'R,', 'D', '94', 'E'];-0.60;CD;Thermal;J BIOL CHEM 267, 22014-22017 (1992) PMID: 1331044;388.56690061617303;0.0905181377718236;-;KD;91,94,;RE
115;13941;Ribonuclease HI;Escherichia coli;['D', '94', 'R,', 'K', '95', 'G'];01.10;CD;Thermal;J BIOL CHEM 267, 22014-22017 (1992) PMID: 1331044;387.31396287852965;1.3434558754152022;-;DK;94,95,;RG
117;13943;Ribonuclease HI;Escherichia coli;['K', '91', 'R,', 'K', '95', 'G'];0,083333333;CD;Thermal;J BIOL CHEM 267, 22014-22017 (1992) PMID: 1331044;387.0333995295872;1.624019224357653;E;KK;91,95,;RG
119;14033;Ribonuclease HI;Escherichia coli;['Y', '28', 'F,', 'R', '29', 'H,', 'G', '30', 'A,', 'R', '31', 'H'];-0.70;CD;Thermal;J BIOL CHEM 267, 21535-21542 (1992) PMID: 1328237;388.42698518611576;0.2304335678290954;E;YRRR;28,29,29,29,;FHHH
121;14035;Ribonuclease HI;Escherichia coli;['K', '91', 'R,', 'D', '94', 'E,', 'K', '95', 'G'];01.20;CD;Thermal;J BIOL CHEM 267, 21535-21542 (1992) PMID: 1328237;388.56690061617303;0.0905181377718236;E;KDD;91,94,94,;REE
123;14037;Ribonuclease HI;Escherichia coli;['A', '125', 'T'];00.10;CD;Thermal;J BIOL CHEM 267, 21535-21542 (1992) PMID: 1328237;387.3571448280617;1.3002739258831753;E;A;125,;T
