Entry;Protein;Source;Mutation;ddG;Measure;Mesthod;REFERENCE
3521;Cold shock protein;Bacillus subtilis;WILD;0;CD;Urea;PROTEINS 30, 401-406 (1998) PMID: 9533623
3522;Cold shock protein;Bacillus subtilis;F 38 A;NULL;CD;Urea;PROTEINS 30, 401-406 (1998) PMID: 9533624
3527;Cold shock protein;Bacillus subtilis;F 38 A;NULL;CD;Thermal;PROTEINS 30, 401-406 (1998) PMID: 9533624
14244;Cold shock protein;Bacillus subtilis;F 38 A;00.31;CD;Thermal;PROTEINS 30, 401-406 (1998) PMID: 9533624
18528;Cold shock protein B;Bacillus subtilis;M 1 R;NULL;CD;Thermal;J MOL BIOL 347, 1063-1076 (2005) PMID: 15784264
18545;Cold shock protein B;Bacillus subtilis;E 43 S;NULL;CD;Thermal;J MOL BIOL 347, 1063-1076 (2005) PMID: 15784264
18554;Cold shock protein B;Bacillus subtilis;M 1 R;0,09375;CD;Thermal;J MOL BIOL 347, 1063-1076 (2005) PMID: 15784264
18571;Cold shock protein B;Bacillus subtilis;E 43 S;00.29;CD;Thermal;J MOL BIOL 347, 1063-1076 (2005) PMID: 15784264
20671;Cold shock protein B;Bacillus subtilis;E 42 Q;NULL;DSC;Thermal;J MOL BIOL 366, 842-856 (2007) PMID: 17188709
20674;Cold shock protein B;Bacillus subtilis;N 55 D;NULL;DSC;Thermal;J MOL BIOL 366, 842-856 (2007) PMID: 17188709
20682;Cold shock protein B;Bacillus subtilis;E 42 Q;NULL;DSC;Thermal;J MOL BIOL 366, 842-856 (2007) PMID: 17188709
20684;Cold shock protein B;Bacillus subtilis;E 53 Q;NULL;DSC;Thermal;J MOL BIOL 366, 842-856 (2007) PMID: 17188709
20685;Cold shock protein B;Bacillus subtilis;N 55 D;NULL;DSC;Thermal;J MOL BIOL 366, 842-856 (2007) PMID: 17188709
20703;Cold shock protein B;Bacillus subtilis;E 12 K;NULL;CD;Thermal;J MOL BIOL 366, 842-856 (2007) PMID: 17188709
20704;Cold shock protein B;Bacillus subtilis;K 13 E;NULL;CD;Thermal;J MOL BIOL 366, 842-856 (2007) PMID: 17188709
20705;Cold shock protein B;Bacillus subtilis;K 13 Q;NULL;CD;Thermal;J MOL BIOL 366, 842-856 (2007) PMID: 17188709
20718;Cold shock protein B;Bacillus subtilis;E 21 K;NULL;CD;Thermal;J MOL BIOL 366, 842-856 (2007) PMID: 17188709
20719;Cold shock protein B;Bacillus subtilis;E 21 Q;NULL;CD;Thermal;J MOL BIOL 366, 842-856 (2007) PMID: 17188709
20721;Cold shock protein B;Bacillus subtilis;D 24 K;NULL;CD;Thermal;J MOL BIOL 366, 842-856 (2007) PMID: 17188709
20722;Cold shock protein B;Bacillus subtilis;D 24 N;NULL;CD;Thermal;J MOL BIOL 366, 842-856 (2007) PMID: 17188709
20729;Cold shock protein B;Bacillus subtilis;E 42 K;NULL;CD;Thermal;J MOL BIOL 366, 842-856 (2007) PMID: 17188709
20730;Cold shock protein B;Bacillus subtilis;E 42 Q;NULL;CD;Thermal;J MOL BIOL 366, 842-856 (2007) PMID: 17188709
20731;Cold shock protein B;Bacillus subtilis;E 43 K;NULL;CD;Thermal;J MOL BIOL 366, 842-856 (2007) PMID: 17188709
20732;Cold shock protein B;Bacillus subtilis;E 43 Q;NULL;CD;Thermal;J MOL BIOL 366, 842-856 (2007) PMID: 17188709
20739;Cold shock protein B;Bacillus subtilis;E 53 K;NULL;CD;Thermal;J MOL BIOL 366, 842-856 (2007) PMID: 17188709
20740;Cold shock protein B;Bacillus subtilis;E 53 Q;NULL;CD;Thermal;J MOL BIOL 366, 842-856 (2007) PMID: 17188709
20741;Cold shock protein B;Bacillus subtilis;N 55 K;NULL;CD;Thermal;J MOL BIOL 366, 842-856 (2007) PMID: 17188709
20742;Cold shock protein B;Bacillus subtilis;N 55 D;NULL;CD;Thermal;J MOL BIOL 366, 842-856 (2007) PMID: 17188709
20743;Cold shock protein B;Bacillus subtilis;R 56 Q;NULL;CD;Thermal;J MOL BIOL 366, 842-856 (2007) PMID: 17188709
20760;Cold shock protein B;Bacillus subtilis;E 12 K;NULL;CD;Thermal;J MOL BIOL 366, 842-856 (2007) PMID: 17188709
20761;Cold shock protein B;Bacillus subtilis;K 13 E;NULL;CD;Thermal;J MOL BIOL 366, 842-856 (2007) PMID: 17188709
20762;Cold shock protein B;Bacillus subtilis;K 13 Q;NULL;CD;Thermal;J MOL BIOL 366, 842-856 (2007) PMID: 17188709
20775;Cold shock protein B;Bacillus subtilis;E 21 K;NULL;CD;Thermal;J MOL BIOL 366, 842-856 (2007) PMID: 17188709
20776;Cold shock protein B;Bacillus subtilis;E 21 Q;NULL;CD;Thermal;J MOL BIOL 366, 842-856 (2007) PMID: 17188709
20778;Cold shock protein B;Bacillus subtilis;D 24 K;NULL;CD;Thermal;J MOL BIOL 366, 842-856 (2007) PMID: 17188709
20779;Cold shock protein B;Bacillus subtilis;D 24 N;NULL;CD;Thermal;J MOL BIOL 366, 842-856 (2007) PMID: 17188709
20786;Cold shock protein B;Bacillus subtilis;E 42 K;NULL;CD;Thermal;J MOL BIOL 366, 842-856 (2007) PMID: 17188709
20787;Cold shock protein B;Bacillus subtilis;E 42 Q;NULL;CD;Thermal;J MOL BIOL 366, 842-856 (2007) PMID: 17188709
20788;Cold shock protein B;Bacillus subtilis;E 43 K;NULL;CD;Thermal;J MOL BIOL 366, 842-856 (2007) PMID: 17188709
20789;Cold shock protein B;Bacillus subtilis;E 43 Q;NULL;CD;Thermal;J MOL BIOL 366, 842-856 (2007) PMID: 17188709
20796;Cold shock protein B;Bacillus subtilis;E 53 K;NULL;CD;Thermal;J MOL BIOL 366, 842-856 (2007) PMID: 17188709
20797;Cold shock protein B;Bacillus subtilis;E 53 Q;NULL;CD;Thermal;J MOL BIOL 366, 842-856 (2007) PMID: 17188709
20798;Cold shock protein B;Bacillus subtilis;N 55 K;NULL;CD;Thermal;J MOL BIOL 366, 842-856 (2007) PMID: 17188709
20799;Cold shock protein B;Bacillus subtilis;N 55 D;NULL;CD;Thermal;J MOL BIOL 366, 842-856 (2007) PMID: 17188709
20800;Cold shock protein B;Bacillus subtilis;R 56 Q;NULL;CD;Thermal;J MOL BIOL 366, 842-856 (2007) PMID: 17188709
20821;Cold shock protein B;Bacillus subtilis;E 12 K;NULL;CD;Thermal;J MOL BIOL 366, 842-856 (2007) PMID: 17188709
20822;Cold shock protein B;Bacillus subtilis;K 13 E;NULL;CD;Thermal;J MOL BIOL 366, 842-856 (2007) PMID: 17188709
20823;Cold shock protein B;Bacillus subtilis;K 13 Q;NULL;CD;Thermal;J MOL BIOL 366, 842-856 (2007) PMID: 17188709
20836;Cold shock protein B;Bacillus subtilis;E 21 K;NULL;CD;Thermal;J MOL BIOL 366, 842-856 (2007) PMID: 17188709
20837;Cold shock protein B;Bacillus subtilis;E 21 Q;NULL;CD;Thermal;J MOL BIOL 366, 842-856 (2007) PMID: 17188709
20839;Cold shock protein B;Bacillus subtilis;D 24 K;NULL;CD;Thermal;J MOL BIOL 366, 842-856 (2007) PMID: 17188709
20840;Cold shock protein B;Bacillus subtilis;D 24 N;NULL;CD;Thermal;J MOL BIOL 366, 842-856 (2007) PMID: 17188709
20847;Cold shock protein B;Bacillus subtilis;E 42 K;NULL;CD;Thermal;J MOL BIOL 366, 842-856 (2007) PMID: 17188709
20848;Cold shock protein B;Bacillus subtilis;E 42 Q;NULL;CD;Thermal;J MOL BIOL 366, 842-856 (2007) PMID: 17188709
20849;Cold shock protein B;Bacillus subtilis;E 43 K;NULL;CD;Thermal;J MOL BIOL 366, 842-856 (2007) PMID: 17188709
20850;Cold shock protein B;Bacillus subtilis;E 43 Q;NULL;CD;Thermal;J MOL BIOL 366, 842-856 (2007) PMID: 17188709
20857;Cold shock protein B;Bacillus subtilis;E 53 K;NULL;CD;Thermal;J MOL BIOL 366, 842-856 (2007) PMID: 17188709
20858;Cold shock protein B;Bacillus subtilis;E 53 Q;NULL;CD;Thermal;J MOL BIOL 366, 842-856 (2007) PMID: 17188709
20859;Cold shock protein B;Bacillus subtilis;N 55 K;NULL;CD;Thermal;J MOL BIOL 366, 842-856 (2007) PMID: 17188709
20860;Cold shock protein B;Bacillus subtilis;N 55 D;NULL;CD;Thermal;J MOL BIOL 366, 842-856 (2007) PMID: 17188709
20861;Cold shock protein B;Bacillus subtilis;R 56 Q;NULL;CD;Thermal;J MOL BIOL 366, 842-856 (2007) PMID: 17188709
20879;Cold shock protein B;Bacillus subtilis;E 12 K;NULL;CD;Thermal;J MOL BIOL 366, 842-856 (2007) PMID: 17188709
20880;Cold shock protein B;Bacillus subtilis;K 13 E;NULL;CD;Thermal;J MOL BIOL 366, 842-856 (2007) PMID: 17188709
20881;Cold shock protein B;Bacillus subtilis;K 13 Q;NULL;CD;Thermal;J MOL BIOL 366, 842-856 (2007) PMID: 17188709
20894;Cold shock protein B;Bacillus subtilis;E 21 K;NULL;CD;Thermal;J MOL BIOL 366, 842-856 (2007) PMID: 17188709
20895;Cold shock protein B;Bacillus subtilis;E 21 Q;NULL;CD;Thermal;J MOL BIOL 366, 842-856 (2007) PMID: 17188709
20897;Cold shock protein B;Bacillus subtilis;D 24 K;NULL;CD;Thermal;J MOL BIOL 366, 842-856 (2007) PMID: 17188709
20898;Cold shock protein B;Bacillus subtilis;D 24 N;NULL;CD;Thermal;J MOL BIOL 366, 842-856 (2007) PMID: 17188709
20905;Cold shock protein B;Bacillus subtilis;E 42 K;NULL;CD;Thermal;J MOL BIOL 366, 842-856 (2007) PMID: 17188709
20906;Cold shock protein B;Bacillus subtilis;E 42 Q;NULL;CD;Thermal;J MOL BIOL 366, 842-856 (2007) PMID: 17188709
20907;Cold shock protein B;Bacillus subtilis;E 43 K;NULL;CD;Thermal;J MOL BIOL 366, 842-856 (2007) PMID: 17188709
20908;Cold shock protein B;Bacillus subtilis;E 43 Q;NULL;CD;Thermal;J MOL BIOL 366, 842-856 (2007) PMID: 17188709
20915;Cold shock protein B;Bacillus subtilis;E 53 K;NULL;CD;Thermal;J MOL BIOL 366, 842-856 (2007) PMID: 17188709
20916;Cold shock protein B;Bacillus subtilis;E 53 Q;NULL;CD;Thermal;J MOL BIOL 366, 842-856 (2007) PMID: 17188709
20917;Cold shock protein B;Bacillus subtilis;N 55 K;NULL;CD;Thermal;J MOL BIOL 366, 842-856 (2007) PMID: 17188709
20918;Cold shock protein B;Bacillus subtilis;N 55 D;NULL;CD;Thermal;J MOL BIOL 366, 842-856 (2007) PMID: 17188709
20919;Cold shock protein B;Bacillus subtilis;R 56 Q;NULL;CD;Thermal;J MOL BIOL 366, 842-856 (2007) PMID: 17188709
20937;Cold shock protein B;Bacillus subtilis;E 12 K;NULL;CD;Thermal;J MOL BIOL 366, 842-856 (2007) PMID: 17188709
20938;Cold shock protein B;Bacillus subtilis;K 13 E;NULL;CD;Thermal;J MOL BIOL 366, 842-856 (2007) PMID: 17188709
20939;Cold shock protein B;Bacillus subtilis;K 13 Q;NULL;CD;Thermal;J MOL BIOL 366, 842-856 (2007) PMID: 17188709
20952;Cold shock protein B;Bacillus subtilis;E 21 K;NULL;CD;Thermal;J MOL BIOL 366, 842-856 (2007) PMID: 17188709
20953;Cold shock protein B;Bacillus subtilis;E 21 Q;NULL;CD;Thermal;J MOL BIOL 366, 842-856 (2007) PMID: 17188709
20955;Cold shock protein B;Bacillus subtilis;D 24 K;NULL;CD;Thermal;J MOL BIOL 366, 842-856 (2007) PMID: 17188709
20956;Cold shock protein B;Bacillus subtilis;D 24 N;NULL;CD;Thermal;J MOL BIOL 366, 842-856 (2007) PMID: 17188709
20963;Cold shock protein B;Bacillus subtilis;E 42 K;NULL;CD;Thermal;J MOL BIOL 366, 842-856 (2007) PMID: 17188709
20964;Cold shock protein B;Bacillus subtilis;E 42 Q;NULL;CD;Thermal;J MOL BIOL 366, 842-856 (2007) PMID: 17188709
20965;Cold shock protein B;Bacillus subtilis;E 43 K;NULL;CD;Thermal;J MOL BIOL 366, 842-856 (2007) PMID: 17188709
20966;Cold shock protein B;Bacillus subtilis;E 43 Q;NULL;CD;Thermal;J MOL BIOL 366, 842-856 (2007) PMID: 17188709
20973;Cold shock protein B;Bacillus subtilis;E 53 K;NULL;CD;Thermal;J MOL BIOL 366, 842-856 (2007) PMID: 17188709
20974;Cold shock protein B;Bacillus subtilis;E 53 Q;NULL;CD;Thermal;J MOL BIOL 366, 842-856 (2007) PMID: 17188709
20975;Cold shock protein B;Bacillus subtilis;N 55 K;NULL;CD;Thermal;J MOL BIOL 366, 842-856 (2007) PMID: 17188709
20976;Cold shock protein B;Bacillus subtilis;N 55 D;NULL;CD;Thermal;J MOL BIOL 366, 842-856 (2007) PMID: 17188709
20977;Cold shock protein B;Bacillus subtilis;R 56 Q;NULL;CD;Thermal;J MOL BIOL 366, 842-856 (2007) PMID: 17188709
20995;Cold shock protein B;Bacillus subtilis;E 12 K;NULL;CD;Thermal;J MOL BIOL 366, 842-856 (2007) PMID: 17188709
20996;Cold shock protein B;Bacillus subtilis;K 13 E;NULL;CD;Thermal;J MOL BIOL 366, 842-856 (2007) PMID: 17188709
20997;Cold shock protein B;Bacillus subtilis;K 13 Q;NULL;CD;Thermal;J MOL BIOL 366, 842-856 (2007) PMID: 17188709
21010;Cold shock protein B;Bacillus subtilis;E 21 K;NULL;CD;Thermal;J MOL BIOL 366, 842-856 (2007) PMID: 17188709
21011;Cold shock protein B;Bacillus subtilis;E 21 Q;NULL;CD;Thermal;J MOL BIOL 366, 842-856 (2007) PMID: 17188709
21013;Cold shock protein B;Bacillus subtilis;D 24 K;NULL;CD;Thermal;J MOL BIOL 366, 842-856 (2007) PMID: 17188709
21014;Cold shock protein B;Bacillus subtilis;D 24 N;NULL;CD;Thermal;J MOL BIOL 366, 842-856 (2007) PMID: 17188709
21021;Cold shock protein B;Bacillus subtilis;E 42 K;NULL;CD;Thermal;J MOL BIOL 366, 842-856 (2007) PMID: 17188709
21022;Cold shock protein B;Bacillus subtilis;E 42 Q;NULL;CD;Thermal;J MOL BIOL 366, 842-856 (2007) PMID: 17188709
21023;Cold shock protein B;Bacillus subtilis;E 43 K;NULL;CD;Thermal;J MOL BIOL 366, 842-856 (2007) PMID: 17188709
21024;Cold shock protein B;Bacillus subtilis;E 43 Q;NULL;CD;Thermal;J MOL BIOL 366, 842-856 (2007) PMID: 17188709
21031;Cold shock protein B;Bacillus subtilis;E 53 K;NULL;CD;Thermal;J MOL BIOL 366, 842-856 (2007) PMID: 17188709
21032;Cold shock protein B;Bacillus subtilis;E 53 Q;NULL;CD;Thermal;J MOL BIOL 366, 842-856 (2007) PMID: 17188709
21033;Cold shock protein B;Bacillus subtilis;N 55 K;NULL;CD;Thermal;J MOL BIOL 366, 842-856 (2007) PMID: 17188709
21034;Cold shock protein B;Bacillus subtilis;N 55 D;NULL;CD;Thermal;J MOL BIOL 366, 842-856 (2007) PMID: 17188709
21035;Cold shock protein B;Bacillus subtilis;R 56 Q;NULL;CD;Thermal;J MOL BIOL 366, 842-856 (2007) PMID: 17188709
21052;Cold shock protein B;Bacillus subtilis;E 12 K;-0.72;CD;Thermal;J MOL BIOL 366, 842-856 (2007) PMID: 17188709
21053;Cold shock protein B;Bacillus subtilis;K 13 E;-0.31;CD;Thermal;J MOL BIOL 366, 842-856 (2007) PMID: 17188709
21054;Cold shock protein B;Bacillus subtilis;K 13 Q;-0.17;CD;Thermal;J MOL BIOL 366, 842-856 (2007) PMID: 17188709
21067;Cold shock protein B;Bacillus subtilis;E 21 K;-0.07;CD;Thermal;J MOL BIOL 366, 842-856 (2007) PMID: 17188709
21068;Cold shock protein B;Bacillus subtilis;E 21 Q;-0.24;CD;Thermal;J MOL BIOL 366, 842-856 (2007) PMID: 17188709
21070;Cold shock protein B;Bacillus subtilis;D 24 K;-0.60;CD;Thermal;J MOL BIOL 366, 842-856 (2007) PMID: 17188709
21071;Cold shock protein B;Bacillus subtilis;D 24 N;-0.79;CD;Thermal;J MOL BIOL 366, 842-856 (2007) PMID: 17188709
21078;Cold shock protein B;Bacillus subtilis;E 42 K;00.00;CD;Thermal;J MOL BIOL 366, 842-856 (2007) PMID: 17188709
21079;Cold shock protein B;Bacillus subtilis;E 42 Q;-0.12;CD;Thermal;J MOL BIOL 366, 842-856 (2007) PMID: 17188709
21080;Cold shock protein B;Bacillus subtilis;E 43 K;00.22;CD;Thermal;J MOL BIOL 366, 842-856 (2007) PMID: 17188709
21081;Cold shock protein B;Bacillus subtilis;E 43 Q;00.02;CD;Thermal;J MOL BIOL 366, 842-856 (2007) PMID: 17188709
21088;Cold shock protein B;Bacillus subtilis;E 53 K;-0.29;CD;Thermal;J MOL BIOL 366, 842-856 (2007) PMID: 17188709
21089;Cold shock protein B;Bacillus subtilis;E 53 Q;00.17;CD;Thermal;J MOL BIOL 366, 842-856 (2007) PMID: 17188709
21090;Cold shock protein B;Bacillus subtilis;N 55 K;-0.22;CD;Thermal;J MOL BIOL 366, 842-856 (2007) PMID: 17188709
21091;Cold shock protein B;Bacillus subtilis;N 55 D;00.48;CD;Thermal;J MOL BIOL 366, 842-856 (2007) PMID: 17188709
21092;Cold shock protein B;Bacillus subtilis;R 56 Q;00.31;CD;Thermal;J MOL BIOL 366, 842-856 (2007) PMID: 17188709
21109;Cold shock protein B;Bacillus subtilis;E 12 K;-0.62;CD;Thermal;J MOL BIOL 366, 842-856 (2007) PMID: 17188709
21110;Cold shock protein B;Bacillus subtilis;K 13 E;-0.29;CD;Thermal;J MOL BIOL 366, 842-856 (2007) PMID: 17188709
21111;Cold shock protein B;Bacillus subtilis;K 13 Q;-0.14;CD;Thermal;J MOL BIOL 366, 842-856 (2007) PMID: 17188709
21124;Cold shock protein B;Bacillus subtilis;E 21 K;-0.12;CD;Thermal;J MOL BIOL 366, 842-856 (2007) PMID: 17188709
21125;Cold shock protein B;Bacillus subtilis;E 21 Q;-0.31;CD;Thermal;J MOL BIOL 366, 842-856 (2007) PMID: 17188709
21127;Cold shock protein B;Bacillus subtilis;D 24 K;-0.48;CD;Thermal;J MOL BIOL 366, 842-856 (2007) PMID: 17188709
21128;Cold shock protein B;Bacillus subtilis;D 24 N;-0.72;CD;Thermal;J MOL BIOL 366, 842-856 (2007) PMID: 17188709
21135;Cold shock protein B;Bacillus subtilis;E 42 K;00.02;CD;Thermal;J MOL BIOL 366, 842-856 (2007) PMID: 17188709
21136;Cold shock protein B;Bacillus subtilis;E 42 Q;-0.12;CD;Thermal;J MOL BIOL 366, 842-856 (2007) PMID: 17188709
21137;Cold shock protein B;Bacillus subtilis;E 43 K;00.17;CD;Thermal;J MOL BIOL 366, 842-856 (2007) PMID: 17188709
21138;Cold shock protein B;Bacillus subtilis;E 43 Q;00.05;CD;Thermal;J MOL BIOL 366, 842-856 (2007) PMID: 17188709
21145;Cold shock protein B;Bacillus subtilis;E 53 K;-0.19;CD;Thermal;J MOL BIOL 366, 842-856 (2007) PMID: 17188709
21146;Cold shock protein B;Bacillus subtilis;E 53 Q;00.19;CD;Thermal;J MOL BIOL 366, 842-856 (2007) PMID: 17188709
21147;Cold shock protein B;Bacillus subtilis;N 55 K;-0.10;CD;Thermal;J MOL BIOL 366, 842-856 (2007) PMID: 17188709
21148;Cold shock protein B;Bacillus subtilis;N 55 D;00.50;CD;Thermal;J MOL BIOL 366, 842-856 (2007) PMID: 17188709
21149;Cold shock protein B;Bacillus subtilis;R 56 Q;00.38;CD;Thermal;J MOL BIOL 366, 842-856 (2007) PMID: 17188709
21170;Cold shock protein B;Bacillus subtilis;E 12 K;-0.57;CD;Thermal;J MOL BIOL 366, 842-856 (2007) PMID: 17188709
21171;Cold shock protein B;Bacillus subtilis;K 13 E;-0.36;CD;Thermal;J MOL BIOL 366, 842-856 (2007) PMID: 17188709
21172;Cold shock protein B;Bacillus subtilis;K 13 Q;-0.22;CD;Thermal;J MOL BIOL 366, 842-856 (2007) PMID: 17188709
21185;Cold shock protein B;Bacillus subtilis;E 21 K;-0.22;CD;Thermal;J MOL BIOL 366, 842-856 (2007) PMID: 17188709
21186;Cold shock protein B;Bacillus subtilis;E 21 Q;-0.36;CD;Thermal;J MOL BIOL 366, 842-856 (2007) PMID: 17188709
21188;Cold shock protein B;Bacillus subtilis;D 24 K;-0.48;CD;Thermal;J MOL BIOL 366, 842-856 (2007) PMID: 17188709
21189;Cold shock protein B;Bacillus subtilis;D 24 N;-0.74;CD;Thermal;J MOL BIOL 366, 842-856 (2007) PMID: 17188709
21196;Cold shock protein B;Bacillus subtilis;E 42 K;00.00;CD;Thermal;J MOL BIOL 366, 842-856 (2007) PMID: 17188709
21197;Cold shock protein B;Bacillus subtilis;E 42 Q;-0.19;CD;Thermal;J MOL BIOL 366, 842-856 (2007) PMID: 17188709
21198;Cold shock protein B;Bacillus subtilis;E 43 K;00.14;CD;Thermal;J MOL BIOL 366, 842-856 (2007) PMID: 17188709
21199;Cold shock protein B;Bacillus subtilis;E 43 Q;00.02;CD;Thermal;J MOL BIOL 366, 842-856 (2007) PMID: 17188709
21206;Cold shock protein B;Bacillus subtilis;E 53 K;-0.24;CD;Thermal;J MOL BIOL 366, 842-856 (2007) PMID: 17188709
21207;Cold shock protein B;Bacillus subtilis;E 53 Q;00.14;CD;Thermal;J MOL BIOL 366, 842-856 (2007) PMID: 17188709
21208;Cold shock protein B;Bacillus subtilis;N 55 K;-0.12;CD;Thermal;J MOL BIOL 366, 842-856 (2007) PMID: 17188709
21209;Cold shock protein B;Bacillus subtilis;N 55 D;00.43;CD;Thermal;J MOL BIOL 366, 842-856 (2007) PMID: 17188709
21210;Cold shock protein B;Bacillus subtilis;R 56 Q;00.29;CD;Thermal;J MOL BIOL 366, 842-856 (2007) PMID: 17188709
21228;Cold shock protein B;Bacillus subtilis;E 12 K;-0.48;CD;Thermal;J MOL BIOL 366, 842-856 (2007) PMID: 17188709
21229;Cold shock protein B;Bacillus subtilis;K 13 E;-0.38;CD;Thermal;J MOL BIOL 366, 842-856 (2007) PMID: 17188709
21230;Cold shock protein B;Bacillus subtilis;K 13 Q;-0.24;CD;Thermal;J MOL BIOL 366, 842-856 (2007) PMID: 17188709
21243;Cold shock protein B;Bacillus subtilis;E 21 K;-0.19;CD;Thermal;J MOL BIOL 366, 842-856 (2007) PMID: 17188709
21244;Cold shock protein B;Bacillus subtilis;E 21 Q;-0.41;CD;Thermal;J MOL BIOL 366, 842-856 (2007) PMID: 17188709
21246;Cold shock protein B;Bacillus subtilis;D 24 K;-0.45;CD;Thermal;J MOL BIOL 366, 842-856 (2007) PMID: 17188709
21247;Cold shock protein B;Bacillus subtilis;D 24 N;-0.74;CD;Thermal;J MOL BIOL 366, 842-856 (2007) PMID: 17188709
21254;Cold shock protein B;Bacillus subtilis;E 42 K;-0.02;CD;Thermal;J MOL BIOL 366, 842-856 (2007) PMID: 17188709
21255;Cold shock protein B;Bacillus subtilis;E 42 Q;-0.14;CD;Thermal;J MOL BIOL 366, 842-856 (2007) PMID: 17188709
21256;Cold shock protein B;Bacillus subtilis;E 43 K;00.17;CD;Thermal;J MOL BIOL 366, 842-856 (2007) PMID: 17188709
21257;Cold shock protein B;Bacillus subtilis;E 43 Q;-0.02;CD;Thermal;J MOL BIOL 366, 842-856 (2007) PMID: 17188709
21264;Cold shock protein B;Bacillus subtilis;E 53 K;-0.24;CD;Thermal;J MOL BIOL 366, 842-856 (2007) PMID: 17188709
21265;Cold shock protein B;Bacillus subtilis;E 53 Q;00.12;CD;Thermal;J MOL BIOL 366, 842-856 (2007) PMID: 17188709
21266;Cold shock protein B;Bacillus subtilis;N 55 K;-0.10;CD;Thermal;J MOL BIOL 366, 842-856 (2007) PMID: 17188709
21267;Cold shock protein B;Bacillus subtilis;N 55 D;00.38;CD;Thermal;J MOL BIOL 366, 842-856 (2007) PMID: 17188709
21268;Cold shock protein B;Bacillus subtilis;R 56 Q;00.24;CD;Thermal;J MOL BIOL 366, 842-856 (2007) PMID: 17188709
21286;Cold shock protein B;Bacillus subtilis;E 12 K;-0.29;CD;Thermal;J MOL BIOL 366, 842-856 (2007) PMID: 17188709
21287;Cold shock protein B;Bacillus subtilis;K 13 E;-0.43;CD;Thermal;J MOL BIOL 366, 842-856 (2007) PMID: 17188709
21288;Cold shock protein B;Bacillus subtilis;K 13 Q;-0.17;CD;Thermal;J MOL BIOL 366, 842-856 (2007) PMID: 17188709
21301;Cold shock protein B;Bacillus subtilis;E 21 K;-0.17;CD;Thermal;J MOL BIOL 366, 842-856 (2007) PMID: 17188709
21302;Cold shock protein B;Bacillus subtilis;E 21 Q;-0.31;CD;Thermal;J MOL BIOL 366, 842-856 (2007) PMID: 17188709
21304;Cold shock protein B;Bacillus subtilis;D 24 K;-0.36;CD;Thermal;J MOL BIOL 366, 842-856 (2007) PMID: 17188709
21305;Cold shock protein B;Bacillus subtilis;D 24 N;-0.55;CD;Thermal;J MOL BIOL 366, 842-856 (2007) PMID: 17188709
21312;Cold shock protein B;Bacillus subtilis;E 42 K;00.12;CD;Thermal;J MOL BIOL 366, 842-856 (2007) PMID: 17188709
21313;Cold shock protein B;Bacillus subtilis;E 42 Q;-0.17;CD;Thermal;J MOL BIOL 366, 842-856 (2007) PMID: 17188709
21314;Cold shock protein B;Bacillus subtilis;E 43 K;00.29;CD;Thermal;J MOL BIOL 366, 842-856 (2007) PMID: 17188709
21315;Cold shock protein B;Bacillus subtilis;E 43 Q;00.07;CD;Thermal;J MOL BIOL 366, 842-856 (2007) PMID: 17188709
21322;Cold shock protein B;Bacillus subtilis;E 53 K;-0.14;CD;Thermal;J MOL BIOL 366, 842-856 (2007) PMID: 17188709
21323;Cold shock protein B;Bacillus subtilis;E 53 Q;00.29;CD;Thermal;J MOL BIOL 366, 842-856 (2007) PMID: 17188709
21324;Cold shock protein B;Bacillus subtilis;N 55 K;00.10;CD;Thermal;J MOL BIOL 366, 842-856 (2007) PMID: 17188709
21325;Cold shock protein B;Bacillus subtilis;N 55 D;00.45;CD;Thermal;J MOL BIOL 366, 842-856 (2007) PMID: 17188709
21326;Cold shock protein B;Bacillus subtilis;R 56 Q;00.19;CD;Thermal;J MOL BIOL 366, 842-856 (2007) PMID: 17188709
21344;Cold shock protein B;Bacillus subtilis;E 12 K;-0.19;CD;Thermal;J MOL BIOL 366, 842-856 (2007) PMID: 17188709
21345;Cold shock protein B;Bacillus subtilis;K 13 E;-0.43;CD;Thermal;J MOL BIOL 366, 842-856 (2007) PMID: 17188709
21346;Cold shock protein B;Bacillus subtilis;K 13 Q;-0.07;CD;Thermal;J MOL BIOL 366, 842-856 (2007) PMID: 17188709
21359;Cold shock protein B;Bacillus subtilis;E 21 K;-0.12;CD;Thermal;J MOL BIOL 366, 842-856 (2007) PMID: 17188709
21360;Cold shock protein B;Bacillus subtilis;E 21 Q;-0.33;CD;Thermal;J MOL BIOL 366, 842-856 (2007) PMID: 17188709
21362;Cold shock protein B;Bacillus subtilis;D 24 K;-0.41;CD;Thermal;J MOL BIOL 366, 842-856 (2007) PMID: 17188709
21363;Cold shock protein B;Bacillus subtilis;D 24 N;-0.45;CD;Thermal;J MOL BIOL 366, 842-856 (2007) PMID: 17188709
21370;Cold shock protein B;Bacillus subtilis;E 42 K;00.19;CD;Thermal;J MOL BIOL 366, 842-856 (2007) PMID: 17188709
21371;Cold shock protein B;Bacillus subtilis;E 42 Q;-0.19;CD;Thermal;J MOL BIOL 366, 842-856 (2007) PMID: 17188709
21372;Cold shock protein B;Bacillus subtilis;E 43 K;00.38;CD;Thermal;J MOL BIOL 366, 842-856 (2007) PMID: 17188709
21373;Cold shock protein B;Bacillus subtilis;E 43 Q;00.17;CD;Thermal;J MOL BIOL 366, 842-856 (2007) PMID: 17188709
21380;Cold shock protein B;Bacillus subtilis;E 53 K;-0.05;CD;Thermal;J MOL BIOL 366, 842-856 (2007) PMID: 17188709
21381;Cold shock protein B;Bacillus subtilis;E 53 Q;00.31;CD;Thermal;J MOL BIOL 366, 842-856 (2007) PMID: 17188709
21382;Cold shock protein B;Bacillus subtilis;N 55 K;00.19;CD;Thermal;J MOL BIOL 366, 842-856 (2007) PMID: 17188709
21383;Cold shock protein B;Bacillus subtilis;N 55 D;00.53;CD;Thermal;J MOL BIOL 366, 842-856 (2007) PMID: 17188709
21384;Cold shock protein B;Bacillus subtilis;R 56 Q;00.17;CD;Thermal;J MOL BIOL 366, 842-856 (2007) PMID: 17188709