Entry;Protein;Source;Mutation;ddG;Measure;Mesthod;REFERENCE
25101;Pin1 WW domain;Human;WILD;0;CD;Thermal;PROTEIN SCI 18, 1806-1813 (2009) PMID: 19565465
25102;Pin1 WW domain;Human;K 6 A;NULL;CD;Thermal;PROTEIN SCI 18, 1806-1813 (2009) PMID: 19565466
25109;Pin1 WW domain;Human;P 9 A;NULL;CD;Thermal;PROTEIN SCI 18, 1806-1813 (2009) PMID: 19565466
25110;Pin1 WW domain;Human;P 9 G;NULL;CD;Thermal;PROTEIN SCI 18, 1806-1813 (2009) PMID: 19565466
25114;Pin1 WW domain;Human;K 13 A;NULL;CD;Thermal;PROTEIN SCI 18, 1806-1813 (2009) PMID: 19565466
25116;Pin1 WW domain;Human;M 15 A;NULL;CD;Thermal;PROTEIN SCI 18, 1806-1813 (2009) PMID: 19565466
25119;Pin1 WW domain;Human;R 17 A;NULL;CD;Thermal;PROTEIN SCI 18, 1806-1813 (2009) PMID: 19565466
25120;Pin1 WW domain;Human;R 17 G;NULL;CD;Thermal;PROTEIN SCI 18, 1806-1813 (2009) PMID: 19565466
25121;Pin1 WW domain;Human;S 18 A;NULL;CD;Thermal;PROTEIN SCI 18, 1806-1813 (2009) PMID: 19565466
25122;Pin1 WW domain;Human;S 18 G;NULL;CD;Thermal;PROTEIN SCI 18, 1806-1813 (2009) PMID: 19565466
25125;Pin1 WW domain;Human;G 20 A;NULL;CD;Thermal;PROTEIN SCI 18, 1806-1813 (2009) PMID: 19565466
25126;Pin1 WW domain;Human;R 21 A;NULL;CD;Thermal;PROTEIN SCI 18, 1806-1813 (2009) PMID: 19565466
25127;Pin1 WW domain;Human;R 21 G;NULL;CD;Thermal;PROTEIN SCI 18, 1806-1813 (2009) PMID: 19565466
25138;Pin1 WW domain;Human;H 27 A;NULL;CD;Thermal;PROTEIN SCI 18, 1806-1813 (2009) PMID: 19565466
25139;Pin1 WW domain;Human;H 27 G;NULL;CD;Thermal;PROTEIN SCI 18, 1806-1813 (2009) PMID: 19565466
25152;Pin1 WW domain;Human;W 34 A;NULL;CD;Thermal;PROTEIN SCI 18, 1806-1813 (2009) PMID: 19565466
25153;Pin1 WW domain;Human;W 34 F;NULL;CD;Thermal;PROTEIN SCI 18, 1806-1813 (2009) PMID: 19565466
25154;Pin1 WW domain;Human;E 35 A;NULL;CD;Thermal;PROTEIN SCI 18, 1806-1813 (2009) PMID: 19565466
25159;Pin1 WW domain;Human;K 6 A;00.15;CD;Thermal;PROTEIN SCI 18, 1806-1813 (2009) PMID: 19565466
25166;Pin1 WW domain;Human;P 9 A;-0.19;CD;Thermal;PROTEIN SCI 18, 1806-1813 (2009) PMID: 19565466
25167;Pin1 WW domain;Human;P 9 G;-0.49;CD;Thermal;PROTEIN SCI 18, 1806-1813 (2009) PMID: 19565466
25171;Pin1 WW domain;Human;K 13 A;-0.02;CD;Thermal;PROTEIN SCI 18, 1806-1813 (2009) PMID: 19565466
25173;Pin1 WW domain;Human;M 15 A;-0.59;CD;Thermal;PROTEIN SCI 18, 1806-1813 (2009) PMID: 19565466
25176;Pin1 WW domain;Human;R 17 A;-0.00;CD;Thermal;PROTEIN SCI 18, 1806-1813 (2009) PMID: 19565466
25177;Pin1 WW domain;Human;R 17 G;-0.22;CD;Thermal;PROTEIN SCI 18, 1806-1813 (2009) PMID: 19565466
25178;Pin1 WW domain;Human;S 18 A;00.03;CD;Thermal;PROTEIN SCI 18, 1806-1813 (2009) PMID: 19565466
25179;Pin1 WW domain;Human;S 18 G;00.02;CD;Thermal;PROTEIN SCI 18, 1806-1813 (2009) PMID: 19565466
25182;Pin1 WW domain;Human;G 20 A;-0.86;CD;Thermal;PROTEIN SCI 18, 1806-1813 (2009) PMID: 19565466
25183;Pin1 WW domain;Human;R 21 A;-0.65;CD;Thermal;PROTEIN SCI 18, 1806-1813 (2009) PMID: 19565466
25184;Pin1 WW domain;Human;R 21 G;-0.67;CD;Thermal;PROTEIN SCI 18, 1806-1813 (2009) PMID: 19565466
25195;Pin1 WW domain;Human;H 27 A;-0.12;CD;Thermal;PROTEIN SCI 18, 1806-1813 (2009) PMID: 19565466
25196;Pin1 WW domain;Human;H 27 G;-0.68;CD;Thermal;PROTEIN SCI 18, 1806-1813 (2009) PMID: 19565466
25209;Pin1 WW domain;Human;W 34 A;-0.40;CD;Thermal;PROTEIN SCI 18, 1806-1813 (2009) PMID: 19565466
25210;Pin1 WW domain;Human;W 34 F;-0.10;CD;Thermal;PROTEIN SCI 18, 1806-1813 (2009) PMID: 19565466
25211;Pin1 WW domain;Human;E 35 A;-0.73;CD;Thermal;PROTEIN SCI 18, 1806-1813 (2009) PMID: 19565466