Entry;Protein;Source;Mutation;ddG;Measure;Mesthod;REFERENCE
216;Rop;Escherichia coli;WILD;0;Thermal;;
217;Rop;Escherichia coli;D 30 G;NULL;CD;Thermal;NAT STRUCT BIOL 3, 54-58 (1996) PMID: 8548455
218;Rop;Escherichia coli;D 30 Q;NULL;CD;Thermal;NAT STRUCT BIOL 3, 54-58 (1996) PMID: 8548455
219;Rop;Escherichia coli;D 30 E;NULL;CD;Thermal;NAT STRUCT BIOL 3, 54-58 (1996) PMID: 8548455
220;Rop;Escherichia coli;D 30 S;NULL;CD;Thermal;NAT STRUCT BIOL 3, 54-58 (1996) PMID: 8548455
221;Rop;Escherichia coli;D 30 K;NULL;CD;Thermal;NAT STRUCT BIOL 3, 54-58 (1996) PMID: 8548455
222;Rop;Escherichia coli;D 30 H;NULL;CD;Thermal;NAT STRUCT BIOL 3, 54-58 (1996) PMID: 8548455
223;Rop;Escherichia coli;D 30 C;NULL;CD;Thermal;NAT STRUCT BIOL 3, 54-58 (1996) PMID: 8548455
224;Rop;Escherichia coli;D 30 R;NULL;CD;Thermal;NAT STRUCT BIOL 3, 54-58 (1996) PMID: 8548455
225;Rop;Escherichia coli;D 30 N;NULL;CD;Thermal;NAT STRUCT BIOL 3, 54-58 (1996) PMID: 8548455
226;Rop;Escherichia coli;D 30 M;NULL;CD;Thermal;NAT STRUCT BIOL 3, 54-58 (1996) PMID: 8548455
227;Rop;Escherichia coli;D 30 A;NULL;CD;Thermal;NAT STRUCT BIOL 3, 54-58 (1996) PMID: 8548455
228;Rop;Escherichia coli;D 30 Y;NULL;CD;Thermal;NAT STRUCT BIOL 3, 54-58 (1996) PMID: 8548455
229;Rop;Escherichia coli;D 30 L;NULL;CD;Thermal;NAT STRUCT BIOL 3, 54-58 (1996) PMID: 8548455
230;Rop;Escherichia coli;D 30 F;NULL;CD;Thermal;NAT STRUCT BIOL 3, 54-58 (1996) PMID: 8548455
231;Rop;Escherichia coli;D 30 T;NULL;CD;Thermal;NAT STRUCT BIOL 3, 54-58 (1996) PMID: 8548455
232;Rop;Escherichia coli;D 30 V;NULL;CD;Thermal;NAT STRUCT BIOL 3, 54-58 (1996) PMID: 8548455
233;Rop;Escherichia coli;D 30 W;NULL;CD;Thermal;NAT STRUCT BIOL 3, 54-58 (1996) PMID: 8548455
234;Rop;Escherichia coli;D 30 I;NULL;CD;Thermal;NAT STRUCT BIOL 3, 54-58 (1996) PMID: 8548455
235;Rop;Escherichia coli;D 30 P;NULL;CD;Thermal;NAT STRUCT BIOL 3, 54-58 (1996) PMID: 8548455
13252;Rop;Escherichia coli;D 30 G;02.00;CD;Thermal;NAT STRUCT BIOL 3, 54-58 (1996) PMID: 8548455
13253;Rop;Escherichia coli;D 30 Q;0,097222222;CD;Thermal;NAT STRUCT BIOL 3, 54-58 (1996) PMID: 8548455
13254;Rop;Escherichia coli;D 30 E;01.00;CD;Thermal;NAT STRUCT BIOL 3, 54-58 (1996) PMID: 8548455
13255;Rop;Escherichia coli;D 30 S;01.00;CD;Thermal;NAT STRUCT BIOL 3, 54-58 (1996) PMID: 8548455
13256;Rop;Escherichia coli;D 30 K;0,0625;CD;Thermal;NAT STRUCT BIOL 3, 54-58 (1996) PMID: 8548455
13257;Rop;Escherichia coli;D 30 H;0,0625;CD;Thermal;NAT STRUCT BIOL 3, 54-58 (1996) PMID: 8548455
13258;Rop;Escherichia coli;D 30 C;0,055555556;CD;Thermal;NAT STRUCT BIOL 3, 54-58 (1996) PMID: 8548455
13259;Rop;Escherichia coli;D 30 R;0,055555556;CD;Thermal;NAT STRUCT BIOL 3, 54-58 (1996) PMID: 8548455
13260;Rop;Escherichia coli;D 30 N;0,055555556;CD;Thermal;NAT STRUCT BIOL 3, 54-58 (1996) PMID: 8548455
13261;Rop;Escherichia coli;D 30 M;0,041666667;CD;Thermal;NAT STRUCT BIOL 3, 54-58 (1996) PMID: 8548455
13262;Rop;Escherichia coli;D 30 A;00.30;CD;Thermal;NAT STRUCT BIOL 3, 54-58 (1996) PMID: 8548455
13263;Rop;Escherichia coli;D 30 Y;00.20;CD;Thermal;NAT STRUCT BIOL 3, 54-58 (1996) PMID: 8548455
13264;Rop;Escherichia coli;D 30 L;-0.10;CD;Thermal;NAT STRUCT BIOL 3, 54-58 (1996) PMID: 8548455
13265;Rop;Escherichia coli;D 30 F;-0.10;CD;Thermal;NAT STRUCT BIOL 3, 54-58 (1996) PMID: 8548455
13266;Rop;Escherichia coli;D 30 T;-0.40;CD;Thermal;NAT STRUCT BIOL 3, 54-58 (1996) PMID: 8548455
13267;Rop;Escherichia coli;D 30 V;-0.40;CD;Thermal;NAT STRUCT BIOL 3, 54-58 (1996) PMID: 8548455
13268;Rop;Escherichia coli;D 30 W;-0.40;CD;Thermal;NAT STRUCT BIOL 3, 54-58 (1996) PMID: 8548455
13269;Rop;Escherichia coli;D 30 I;-0.80;CD;Thermal;NAT STRUCT BIOL 3, 54-58 (1996) PMID: 8548455
13270;Rop;Escherichia coli;D 30 P;-1.60;CD;Thermal;NAT STRUCT BIOL 3, 54-58 (1996) PMID: 8548455