Entry;Protein;Source;Mutation;ddG;Measure;Mesthod;REFERENCE
35;Gene V;Bacteriophage f0;WILD;0;;;
36;Gene V;Bacteriophage f1;V 70 C;-3.10;CD;GdnHCl;J MOL BIOL 219, 257-275 (1991) PMID: 2038057
37;Gene V;Bacteriophage f1;V 70 P;-5.00;CD;GdnHCl;J MOL BIOL 219, 257-275 (1991) PMID: 2038057
557;Gene V;Bacteriophage f1;Y 41 F;-0.60;CD;GdnHCl;PROC NATL ACAD SCI U S A 90, 8367-8371 (1993) PMID: 8378307
565;Gene V;Bacteriophage f1;L 65 P;-1.50;CD;GdnHCl;PROC NATL ACAD SCI U S A 90, 8367-8371 (1993) PMID: 8378307
567;Gene V;Bacteriophage f1;F 73 W;0,055555556;CD;GdnHCl;PROC NATL ACAD SCI U S A 90, 8367-8371 (1993) PMID: 8378307
571;Gene V;Bacteriophage f1;A 86 T;-0.70;CD;GdnHCl;PROC NATL ACAD SCI U S A 90, 8367-8371 (1993) PMID: 8378307
572;Gene V;Bacteriophage f1;A 86 V;00.50;CD;GdnHCl;PROC NATL ACAD SCI U S A 90, 8367-8371 (1993) PMID: 8378307
2233;Gene V;Bacteriophage f1;E 30 F, A 86 T;01.17;CD;GdnHCl;PROC NATL ACAD SCI U S A 90, 8367-8371 (1993) PMID: 8378307
2234;Gene V;Bacteriophage f1;E 30 F, A 86 V;02.05;CD;GdnHCl;PROC NATL ACAD SCI U S A 90, 8367-8371 (1993) PMID: 8378307
2255;Gene V;Bacteriophage f1;Y 41 F, F 73 W;-0.66;CD;GdnHCl;PROC NATL ACAD SCI U S A 90, 8367-8371 (1993) PMID: 8378307
2258;Gene V;Bacteriophage f1;L 65 P, F 68 L;-4.25;CD;GdnHCl;PROC NATL ACAD SCI U S A 90, 8367-8371 (1993) PMID: 8378307
3234;Gene V;Bacteriophage f1;L 37 A;-7.70;CD;GdnHCl;BIOCHEMISTRY 34, 11970-11978 (1995) PMID: 7547934
3235;Gene V;Bacteriophage f1;L 37 C;-4.60;CD;GdnHCl;BIOCHEMISTRY 34, 11970-11978 (1995) PMID: 7547934
3236;Gene V;Bacteriophage f1;L 37 I;-1.40;CD;GdnHCl;BIOCHEMISTRY 34, 11970-11978 (1995) PMID: 7547934
3237;Gene V;Bacteriophage f1;L 37 T;-5.20;CD;GdnHCl;BIOCHEMISTRY 34, 11970-11978 (1995) PMID: 7547934
3238;Gene V;Bacteriophage f1;L 37 V;-3.50;CD;GdnHCl;BIOCHEMISTRY 34, 11970-11978 (1995) PMID: 7547934
3260;Gene V;Bacteriophage f1;V 19 C;-0.30;CD;GdnHCl;BIOCHEMISTRY 34, 11970-11978 (1995) PMID: 7547934
3261;Gene V;Bacteriophage f1;V 19 T;-0.60;CD;GdnHCl;BIOCHEMISTRY 34, 11970-11978 (1995) PMID: 7547934
3262;Gene V;Bacteriophage f1;K 24 V;0,055555556;CD;GdnHCl;BIOCHEMISTRY 34, 11970-11978 (1995) PMID: 7547934
3270;Gene V;Bacteriophage f1;E 40 C;-1.60;CD;GdnHCl;BIOCHEMISTRY 34, 11970-11978 (1995) PMID: 7547934
3271;Gene V;Bacteriophage f1;E 40 T;-0.40;CD;GdnHCl;BIOCHEMISTRY 34, 11970-11978 (1995) PMID: 7547934
3272;Gene V;Bacteriophage f1;Y 41 A;-0.40;CD;GdnHCl;BIOCHEMISTRY 34, 11970-11978 (1995) PMID: 7547934
3282;Gene V;Bacteriophage f1;V 70 C;-3.30;CD;GdnHCl;BIOCHEMISTRY 34, 11970-11978 (1995) PMID: 7547934
3283;Gene V;Bacteriophage f1;V 70 P;-5.10;CD;GdnHCl;BIOCHEMISTRY 34, 11970-11978 (1995) PMID: 7547934
3284;Gene V;Bacteriophage f1;V 70 T;-3.50;CD;GdnHCl;BIOCHEMISTRY 34, 11970-11978 (1995) PMID: 7547934