Entry;Protein;Source;Mutation;ddG;Measure;Mesthod;REFERENCE
8363;Lysozyme;Bacteriophage T3;WILD;0;CD;Thermal;PROTEIN SCI 9, 1395-1398 (2000) PMID: 10933505
8364;Lysozyme;Bacteriophage T4;K 135 E;-1.00;CD;Thermal;PROTEIN SCI 9, 1395-1398 (2000) PMID: 10933506
13242;Lysozyme;Bacteriophage T4;K 60 P;00.10;CD;Thermal;BIOPOLYMERS 32, 1431-1441 (1992) PMID: 1457724
13244;Lysozyme;Bacteriophage T4;A 82 P;00.30;CD;Thermal;BIOPOLYMERS 32, 1431-1441 (1992) PMID: 1457724
13245;Lysozyme;Bacteriophage T4;A 93 P;00.10;CD;Thermal;BIOPOLYMERS 32, 1431-1441 (1992) PMID: 1457724
13246;Lysozyme;Bacteriophage T4;G 113 A;00.10;CD;Thermal;BIOPOLYMERS 32, 1431-1441 (1992) PMID: 1457724
13247;Lysozyme;Bacteriophage T4;K 60 P;00.00;CD;Thermal;BIOPOLYMERS 32, 1431-1441 (1992) PMID: 1457724
13249;Lysozyme;Bacteriophage T4;A 82 P;0,055555556;CD;Thermal;BIOPOLYMERS 32, 1431-1441 (1992) PMID: 1457724
13250;Lysozyme;Bacteriophage T4;A 93 P;00.10;CD;Thermal;BIOPOLYMERS 32, 1431-1441 (1992) PMID: 1457724
13251;Lysozyme;Bacteriophage T4;G 113 A;00.30;CD;Thermal;BIOPOLYMERS 32, 1431-1441 (1992) PMID: 1457724
13296;Lysozyme;Bacteriophage T4;T 115 E;-0.50;CD;Thermal;BIOCHEMISTRY 30, 9816-9828 (1991) PMID: 1911773
13297;Lysozyme;Bacteriophage T4;N 116 D;-0.10;CD;Thermal;BIOCHEMISTRY 30, 9816-9828 (1991) PMID: 1911773
13298;Lysozyme;Bacteriophage T4;R 119 M;-0.30;CD;Thermal;BIOCHEMISTRY 30, 9816-9828 (1991) PMID: 1911773
13299;Lysozyme;Bacteriophage T4;N 144 D;-0.10;CD;Thermal;BIOCHEMISTRY 30, 9816-9828 (1991) PMID: 1911773
13301;Lysozyme;Bacteriophage T4;T 115 E;00.30;CD;Thermal;BIOCHEMISTRY 30, 9816-9828 (1991) PMID: 1911773
13302;Lysozyme;Bacteriophage T4;N 116 D;0,041666667;CD;Thermal;BIOCHEMISTRY 30, 9816-9828 (1991) PMID: 1911773
13303;Lysozyme;Bacteriophage T4;R 119 M;00.10;CD;Thermal;BIOCHEMISTRY 30, 9816-9828 (1991) PMID: 1911773
13304;Lysozyme;Bacteriophage T4;N 144 D;00.50;CD;Thermal;BIOCHEMISTRY 30, 9816-9828 (1991) PMID: 1911773
13305;Lysozyme;Bacteriophage T4;T 115 E;-0.50;CD;Thermal;BIOCHEMISTRY 30, 7142-7153 (1991) PMID: 1854726
13306;Lysozyme;Bacteriophage T4;T 115 E;-0.20;CD;Thermal;BIOCHEMISTRY 30, 7142-7153 (1991) PMID: 1854726
13307;Lysozyme;Bacteriophage T4;T 115 E;-0.10;CD;Thermal;BIOCHEMISTRY 30, 7142-7153 (1991) PMID: 1854726
13308;Lysozyme;Bacteriophage T4;T 115 E;00.00;CD;Thermal;BIOCHEMISTRY 30, 7142-7153 (1991) PMID: 1854726
13309;Lysozyme;Bacteriophage T4;T 115 E;00.30;CD;Thermal;BIOCHEMISTRY 30, 7142-7153 (1991) PMID: 1854726
13310;Lysozyme;Bacteriophage T4;Q 123 E;00.30;CD;Thermal;BIOCHEMISTRY 30, 7142-7153 (1991) PMID: 1854726
13311;Lysozyme;Bacteriophage T4;Q 123 E;00.10;CD;Thermal;BIOCHEMISTRY 30, 7142-7153 (1991) PMID: 1854726
13312;Lysozyme;Bacteriophage T4;Q 123 E;00.40;CD;Thermal;BIOCHEMISTRY 30, 7142-7153 (1991) PMID: 1854726
13313;Lysozyme;Bacteriophage T4;N 144 E;00.20;CD;Thermal;BIOCHEMISTRY 30, 7142-7153 (1991) PMID: 1854726
13314;Lysozyme;Bacteriophage T4;N 144 E;00.50;CD;Thermal;BIOCHEMISTRY 30, 7142-7153 (1991) PMID: 1854726
13315;Lysozyme;Bacteriophage T4;N 144 E;00.50;CD;Thermal;BIOCHEMISTRY 30, 7142-7153 (1991) PMID: 1854726
13316;Lysozyme;Bacteriophage T4;K 60 H;-0.80;CD;Thermal;BIOCHEMISTRY 30, 7142-7153 (1991) PMID: 1854726
13317;Lysozyme;Bacteriophage T4;K 60 H;-0.10;CD;Thermal;BIOCHEMISTRY 30, 7142-7153 (1991) PMID: 1854726
13321;Lysozyme;Bacteriophage T4;K 83 H;-0.50;CD;Thermal;BIOCHEMISTRY 30, 7142-7153 (1991) PMID: 1854726
13322;Lysozyme;Bacteriophage T4;K 83 H;-0.40;CD;Thermal;BIOCHEMISTRY 30, 7142-7153 (1991) PMID: 1854726
13463;Lysozyme;Bacteriophage T4;K 16 E;-0.50;CD;Thermal;J MOL BIOL 221, 873-887 (1991) PMID: 1942034
13464;Lysozyme;Bacteriophage T4;R 119 E;-0.20;CD;Thermal;J MOL BIOL 221, 873-887 (1991) PMID: 1942034
13465;Lysozyme;Bacteriophage T4;K 135 E;-0.20;CD;Thermal;J MOL BIOL 221, 873-887 (1991) PMID: 1942034
13476;Lysozyme;Bacteriophage T4;K 16 E;00.50;CD;Thermal;J MOL BIOL 221, 873-887 (1991) PMID: 1942034
13477;Lysozyme;Bacteriophage T4;R 119 E;-0.04;CD;Thermal;J MOL BIOL 221, 873-887 (1991) PMID: 1942034
13478;Lysozyme;Bacteriophage T4;K 135 E;-1.00;CD;Thermal;J MOL BIOL 221, 873-887 (1991) PMID: 1942034
13489;Lysozyme;Bacteriophage T4;N 40 A;00.43;CD;Thermal;PROC NATL ACAD SCI U S A 89, 3751-3755 (1992) PMID: 1570293
13491;Lysozyme;Bacteriophage T4;S 44 A;00.44;CD;Thermal;PROC NATL ACAD SCI U S A 89, 3751-3755 (1992) PMID: 1570293
13495;Lysozyme;Bacteriophage T4;K 48 A;-0.32;CD;Thermal;PROC NATL ACAD SCI U S A 89, 3751-3755 (1992) PMID: 1570293
13497;Lysozyme;Bacteriophage T4;N 40 A;00.32;CD;Thermal;PROC NATL ACAD SCI U S A 89, 3751-3755 (1992) PMID: 1570293
13499;Lysozyme;Bacteriophage T4;S 44 A;00.34;CD;Thermal;PROC NATL ACAD SCI U S A 89, 3751-3755 (1992) PMID: 1570293
13503;Lysozyme;Bacteriophage T4;K 48 A;-0.56;CD;Thermal;PROC NATL ACAD SCI U S A 89, 3751-3755 (1992) PMID: 1570293
13505;Lysozyme;Bacteriophage T4;R 14 K;-0.03;CD;Thermal;PROTEIN SCI 2, 2217-2225 (1993) PMID: 7507755
13508;Lysozyme;Bacteriophage T4;N 40 D;00.44;CD;Thermal;PROTEIN SCI 2, 2217-2225 (1993) PMID: 7507755
13510;Lysozyme;Bacteriophage T4;R 80 K;-0.17;CD;Thermal;PROTEIN SCI 2, 2217-2225 (1993) PMID: 7507755
13512;Lysozyme;Bacteriophage T4;A 93 T;00.06;CD;Thermal;PROTEIN SCI 2, 2217-2225 (1993) PMID: 7507755
13513;Lysozyme;Bacteriophage T4;G 113 E;00.30;CD;Thermal;PROTEIN SCI 2, 2217-2225 (1993) PMID: 7507755
13514;Lysozyme;Bacteriophage T4;R 119 H;-0.29;CD;Thermal;PROTEIN SCI 2, 2217-2225 (1993) PMID: 7507755
13517;Lysozyme;Bacteriophage T4;N 163 D;-0.21;CD;Thermal;PROTEIN SCI 2, 2217-2225 (1993) PMID: 7507755
13535;Lysozyme;Bacteriophage T4;T 115 A;-0.14;CD;Thermal;J MOL BIOL 246, 317-330 (1995) PMID: 7869383
13536;Lysozyme;Bacteriophage T4;N 116 A;00.17;CD;Thermal;J MOL BIOL 246, 317-330 (1995) PMID: 7869383
13539;Lysozyme;Bacteriophage T4;R 119 A;-0.18;CD;Thermal;J MOL BIOL 246, 317-330 (1995) PMID: 7869383
13543;Lysozyme;Bacteriophage T4;Q 123 A;-0.22;CD;Thermal;J MOL BIOL 246, 317-330 (1995) PMID: 7869383
13562;Lysozyme;Bacteriophage T4;A 82 S;-0.30;CD;Thermal;BIOCHEMISTRY 32, 11363-11373 (1993) PMID: 8218201
13563;Lysozyme;Bacteriophage T4;A 93 S;-0.20;CD;Thermal;BIOCHEMISTRY 32, 11363-11373 (1993) PMID: 8218201
13578;Lysozyme;Bacteriophage T4;Q 69 P;-3.30;CD;Thermal;J BIOL CHEM 267, 2393-2399 (1992) PMID: 1733941
13580;Lysozyme;Bacteriophage T4;Q 69 P;-2.90;CD;Thermal;J BIOL CHEM 267, 2393-2399 (1992) PMID: 1733941
13616;Lysozyme;Bacteriophage T4;A 82 P;00.30;CD;Thermal;PROC NATL ACAD SCI U S A 84, 6663-6667 (1987) PMID: 3477797
13618;Lysozyme;Bacteriophage T4;A 82 P;0,055555556;CD;Thermal;PROC NATL ACAD SCI U S A 84, 6663-6667 (1987) PMID: 3477797
13620;Lysozyme;Bacteriophage T4;V 131 A;00.27;CD;Thermal;PROTEIN SCI 1, 761-776 (1992) PMID: 1304917
13650;Lysozyme;Bacteriophage T4;N 55 G;-0.50;CD;Thermal;J MOL BIOL 210, 181-193 (1989) PMID: 2511328
13651;Lysozyme;Bacteriophage T4;K 124 G;00.00;CD;Thermal;J MOL BIOL 210, 181-193 (1989) PMID: 2511328
13652;Lysozyme;Bacteriophage T4;N 55 G;-0.60;CD;Thermal;J MOL BIOL 210, 181-193 (1989) PMID: 2511328
13653;Lysozyme;Bacteriophage T4;K 124 G;-0.10;CD;Thermal;J MOL BIOL 210, 181-193 (1989) PMID: 2511328
13728;Lysozyme;Bacteriophage T4;A 82 P;-0.07;DSC;Thermal;BIOCHEMISTRY 31, 1643-1647 (1992) PMID: 1737020
13729;Lysozyme;Bacteriophage T4;A 93 P;00.03;DSC;Thermal;BIOCHEMISTRY 31, 1643-1647 (1992) PMID: 1737020
13730;Lysozyme;Bacteriophage T4;G 113 A;00.50;DSC;Thermal;BIOCHEMISTRY 31, 1643-1647 (1992) PMID: 1737020
13732;Lysozyme;Bacteriophage T4;A 82 P;00.51;DSC;Thermal;BIOCHEMISTRY 31, 1643-1647 (1992) PMID: 1737020
13733;Lysozyme;Bacteriophage T4;A 93 P;00.51;DSC;Thermal;BIOCHEMISTRY 31, 1643-1647 (1992) PMID: 1737020
13734;Lysozyme;Bacteriophage T4;G 113 A;00.54;DSC;Thermal;BIOCHEMISTRY 31, 1643-1647 (1992) PMID: 1737020
13736;Lysozyme;Bacteriophage T4;A 82 P;01.27;DSC;Thermal;BIOCHEMISTRY 31, 1643-1647 (1992) PMID: 1737020
13737;Lysozyme;Bacteriophage T4;A 93 P;01.10;DSC;Thermal;BIOCHEMISTRY 31, 1643-1647 (1992) PMID: 1737020
13738;Lysozyme;Bacteriophage T4;G 113 A;00.54;DSC;Thermal;BIOCHEMISTRY 31, 1643-1647 (1992) PMID: 1737020
13741;Lysozyme;Bacteriophage T4;A 82 P;00.45;CD;Thermal;PROTEIN ENG 8, 1017-1022 (1995) PMID: 8771182
13742;Lysozyme;Bacteriophage T4;N 144 D;00.40;CD;Thermal;PROTEIN ENG 8, 1017-1022 (1995) PMID: 8771182
13744;Lysozyme;Bacteriophage T4;V 131 A;00.33;CD;Thermal;PROTEIN ENG 8, 1017-1022 (1995) PMID: 8771182
13746;Lysozyme;Bacteriophage T4;N 116 D;00.34;CD;Thermal;PROTEIN ENG 8, 1017-1022 (1995) PMID: 8771182
13755;Lysozyme;Bacteriophage T4;A 82 P;00.57;CD;Thermal;PROTEIN ENG 8, 1017-1022 (1995) PMID: 8771182
13756;Lysozyme;Bacteriophage T4;N 144 D;00.41;CD;Thermal;PROTEIN ENG 8, 1017-1022 (1995) PMID: 8771182
13758;Lysozyme;Bacteriophage T4;V 131 A;00.39;CD;Thermal;PROTEIN ENG 8, 1017-1022 (1995) PMID: 8771182
13760;Lysozyme;Bacteriophage T4;N 116 D;0,041666667;CD;Thermal;PROTEIN ENG 8, 1017-1022 (1995) PMID: 8771182
13789;Lysozyme;Bacteriophage T4;S 44 A;00.43;CD;Thermal;J MOL BIOL 235, 600-624 (1994) PMID: 8289284
13790;Lysozyme;Bacteriophage T4;S 44 L;00.39;CD;Thermal;J MOL BIOL 235, 600-624 (1994) PMID: 8289284
13791;Lysozyme;Bacteriophage T4;S 44 M;00.33;CD;Thermal;J MOL BIOL 235, 600-624 (1994) PMID: 8289284
13792;Lysozyme;Bacteriophage T4;S 44 I;00.31;CD;Thermal;J MOL BIOL 235, 600-624 (1994) PMID: 8289284
13793;Lysozyme;Bacteriophage T4;S 44 Q;00.27;CD;Thermal;J MOL BIOL 235, 600-624 (1994) PMID: 8289284
13794;Lysozyme;Bacteriophage T4;S 44 R;00.24;CD;Thermal;J MOL BIOL 235, 600-624 (1994) PMID: 8289284
13795;Lysozyme;Bacteriophage T4;S 44 K;00.20;CD;Thermal;J MOL BIOL 235, 600-624 (1994) PMID: 8289284
13796;Lysozyme;Bacteriophage T4;S 44 Y;00.19;CD;Thermal;J MOL BIOL 235, 600-624 (1994) PMID: 8289284
13797;Lysozyme;Bacteriophage T4;S 44 V;00.10;CD;Thermal;J MOL BIOL 235, 600-624 (1994) PMID: 8289284
13798;Lysozyme;Bacteriophage T4;S 44 F;00.06;CD;Thermal;J MOL BIOL 235, 600-624 (1994) PMID: 8289284
13799;Lysozyme;Bacteriophage T4;S 44 W;00.05;CD;Thermal;J MOL BIOL 235, 600-624 (1994) PMID: 8289284
13800;Lysozyme;Bacteriophage T4;S 44 H;00.04;CD;Thermal;J MOL BIOL 235, 600-624 (1994) PMID: 8289284
13801;Lysozyme;Bacteriophage T4;S 44 T;00.01;CD;Thermal;J MOL BIOL 235, 600-624 (1994) PMID: 8289284
13802;Lysozyme;Bacteriophage T4;S 44 E;00.00;CD;Thermal;J MOL BIOL 235, 600-624 (1994) PMID: 8289284
13803;Lysozyme;Bacteriophage T4;S 44 D;-0.11;CD;Thermal;J MOL BIOL 235, 600-624 (1994) PMID: 8289284
13804;Lysozyme;Bacteriophage T4;S 44 C;-0.11;CD;Thermal;J MOL BIOL 235, 600-624 (1994) PMID: 8289284
13805;Lysozyme;Bacteriophage T4;S 44 N;-0.14;CD;Thermal;J MOL BIOL 235, 600-624 (1994) PMID: 8289284
13806;Lysozyme;Bacteriophage T4;S 44 G;-0.53;CD;Thermal;J MOL BIOL 235, 600-624 (1994) PMID: 8289284
13807;Lysozyme;Bacteriophage T4;S 44 P;-3.03;CD;Thermal;J MOL BIOL 235, 600-624 (1994) PMID: 8289284
13808;Lysozyme;Bacteriophage T4;V 131 A;00.26;CD;Thermal;J MOL BIOL 235, 600-624 (1994) PMID: 8289284
13809;Lysozyme;Bacteriophage T4;V 131 L;00.09;CD;Thermal;J MOL BIOL 235, 600-624 (1994) PMID: 8289284
13810;Lysozyme;Bacteriophage T4;V 131 M;00.12;CD;Thermal;J MOL BIOL 235, 600-624 (1994) PMID: 8289284
13811;Lysozyme;Bacteriophage T4;V 131 I;00.16;CD;Thermal;J MOL BIOL 235, 600-624 (1994) PMID: 8289284
13812;Lysozyme;Bacteriophage T4;V 131 T;-0.12;CD;Thermal;J MOL BIOL 235, 600-624 (1994) PMID: 8289284
13813;Lysozyme;Bacteriophage T4;V 131 E;00.20;CD;Thermal;J MOL BIOL 235, 600-624 (1994) PMID: 8289284
13814;Lysozyme;Bacteriophage T4;V 131 S;-0.05;CD;Thermal;J MOL BIOL 235, 600-624 (1994) PMID: 8289284
13815;Lysozyme;Bacteriophage T4;V 131 D;00.08;CD;Thermal;J MOL BIOL 235, 600-624 (1994) PMID: 8289284
13816;Lysozyme;Bacteriophage T4;V 131 G;-0.68;CD;Thermal;J MOL BIOL 235, 600-624 (1994) PMID: 8289284
13839;Lysozyme;Bacteriophage T4;T 59 N;-0.60;CD;Thermal;BIOCHEMISTRY 31, 3590-3596 (1992) PMID: 1567817
13840;Lysozyme;Bacteriophage T4;T 59 S;-0.70;CD;Thermal;BIOCHEMISTRY 31, 3590-3596 (1992) PMID: 1567817
13841;Lysozyme;Bacteriophage T4;T 59 D;-0.90;CD;Thermal;BIOCHEMISTRY 31, 3590-3596 (1992) PMID: 1567817
13842;Lysozyme;Bacteriophage T4;T 59 G;-2.20;CD;Thermal;BIOCHEMISTRY 31, 3590-3596 (1992) PMID: 1567817
13843;Lysozyme;Bacteriophage T4;T 59 V;-2.80;CD;Thermal;BIOCHEMISTRY 31, 3590-3596 (1992) PMID: 1567817
13844;Lysozyme;Bacteriophage T4;T 59 A;-2.80;CD;Thermal;BIOCHEMISTRY 31, 3590-3596 (1992) PMID: 1567817
13845;Lysozyme;Bacteriophage T4;T 59 N;-1.10;CD;Thermal;BIOCHEMISTRY 31, 3590-3596 (1992) PMID: 1567817
13846;Lysozyme;Bacteriophage T4;T 59 S;-0.20;CD;Thermal;BIOCHEMISTRY 31, 3590-3596 (1992) PMID: 1567817
13847;Lysozyme;Bacteriophage T4;T 59 D;-1.20;CD;Thermal;BIOCHEMISTRY 31, 3590-3596 (1992) PMID: 1567817
13848;Lysozyme;Bacteriophage T4;T 59 G;-1.60;CD;Thermal;BIOCHEMISTRY 31, 3590-3596 (1992) PMID: 1567817
13849;Lysozyme;Bacteriophage T4;T 59 V;-1.50;CD;Thermal;BIOCHEMISTRY 31, 3590-3596 (1992) PMID: 1567817
13850;Lysozyme;Bacteriophage T4;T 59 A;-1.50;CD;Thermal;BIOCHEMISTRY 31, 3590-3596 (1992) PMID: 1567817
13857;Lysozyme;Bacteriophage T4;V 131 A;00.15;CD;Thermal;PROTEINS 7, 198-204 (1990) PMID: 2326253
13858;Lysozyme;Bacteriophage T4;V 131 T;-0.11;CD;Thermal;PROTEINS 7, 198-204 (1990) PMID: 2326253
13861;Lysozyme;Bacteriophage T4;V 131 A;00.30;CD;Thermal;PROTEINS 7, 198-204 (1990) PMID: 2326253
13862;Lysozyme;Bacteriophage T4;V 131 T;-0.05;CD;Thermal;PROTEINS 7, 198-204 (1990) PMID: 2326253
13965;Lysozyme;Bacteriophage T4;T 109 D;-0.30;CD;Thermal;BIOCHEMISTRY 30, 9816-9828 (1991) PMID: 1911773
13966;Lysozyme;Bacteriophage T4;T 109 N;00.00;CD;Thermal;BIOCHEMISTRY 30, 9816-9828 (1991) PMID: 1911773
13967;Lysozyme;Bacteriophage T4;N 144 H;-0.60;CD;Thermal;BIOCHEMISTRY 30, 9816-9828 (1991) PMID: 1911773
13970;Lysozyme;Bacteriophage T4;T 109 D;0,041666667;CD;Thermal;BIOCHEMISTRY 30, 9816-9828 (1991) PMID: 1911773
13971;Lysozyme;Bacteriophage T4;T 109 N;00.10;CD;Thermal;BIOCHEMISTRY 30, 9816-9828 (1991) PMID: 1911773
13972;Lysozyme;Bacteriophage T4;N 144 H;00.30;CD;Thermal;BIOCHEMISTRY 30, 9816-9828 (1991) PMID: 1911773
14040;Lysozyme;Bacteriophage T4;N 40 A;00.20;CD;Thermal;J MOL BIOL 236, 869-886 (1994) PMID: 8114100
14257;Lysozyme;Bacteriophage T4;V 131 A;00.26;CD;Thermal;BIOCHEMISTRY 30, 2012-2017 (1991) PMID: 1998663
14287;Lysozyme;Bacteriophage T4;S 44 A;-0.44;CD;Thermal;BIOCHEMISTRY 33, 12022-12031 (1994) PMID: 7918421
14288;Lysozyme;Bacteriophage T4;N 68 A;-0.05;CD;Thermal;BIOCHEMISTRY 33, 12022-12031 (1994) PMID: 7918421